month,revenue_usd_total,revenue_usd_data_engineering,revenue_usd_bi_reporting,revenue_usd_ai_ml,revenue_usd_full_stack,revenue_usd_techops,revenue_usd_core_reporting,revenue_usd_exit_support,revenue_usd_managed_services,revenue_usd_value_creation,revenue_usd_data_advisory,revenue_usd_due_diligence,revenue_usd_billable,ebitda_usd_total,ebitda_margin_pct,revenue_usd_unbillable,new_projects_total,new_projects_data_engineering,new_projects_bi_reporting,new_projects_ai_ml,new_projects_full_stack,new_projects_techops,new_projects_core_reporting,new_projects_exit_support,new_projects_managed_services,new_projects_value_creation,new_projects_data_advisory,new_projects_due_diligence,extensions_billable,extensions_unbillable,completions_total,completions_on_time,new_phases_started,escalations_total,client_location_chennai_pct,client_location_uk_pct,client_location_usa_pct,client_location_other_pct,new_hires_total,new_hires_chennai,new_hires_uk,new_hires_usa,new_hires_by_role_json,resignations_total,resignations_by_role_json,notice_period_headcount,promotions_total,free_pool_headcount,free_pool_avg_days,over_allocated_count,under_allocated_count,shadow_unbilled_count,shadow_unbilled_hours,employee_location_chennai_pct,employee_location_uk_pct,employee_location_usa_pct,billable_fte_total,billable_fte_data_engineering,billable_fte_bi_reporting,billable_fte_ai_ml,billable_fte_full_stack,billable_fte_techops,unbillable_fte_total,total_logged_hours,billable_hours,uk_public_holidays,is_low_season,is_peak_season,is_month_end,is_quarter_end,total_active_headcount,avg_q1_motivation,avg_q5_workload,pct_employees_overall_le_2,n_respondents,response_rate_pct,notice_cohort_avg_pulse_before,notice_cohort_avg_pulse_during,notice_cohort_pulse_delta,notice_cohort_size,notice_cohort_avg_months_in,total_active_headcount_lag1,total_active_headcount_lag2,total_active_headcount_lag3,total_active_headcount_lag6,new_hires_total_lag1,new_hires_total_lag2,new_hires_total_lag3,new_hires_total_lag6,resignations_total_lag1,resignations_total_lag2,resignations_total_lag3,resignations_total_lag6,promotions_total_lag1,promotions_total_lag2,promotions_total_lag3,promotions_total_lag6,revenue_usd_total_lag1,revenue_usd_total_lag2,revenue_usd_total_lag3,revenue_usd_total_lag6,revenue_usd_billable_lag1,revenue_usd_billable_lag2,revenue_usd_billable_lag3,revenue_usd_billable_lag6,ebitda_usd_total_lag1,ebitda_usd_total_lag2,ebitda_usd_total_lag3,ebitda_usd_total_lag6,ebitda_margin_pct_lag1,ebitda_margin_pct_lag2,ebitda_margin_pct_lag3,ebitda_margin_pct_lag6,billable_fte_total_lag1,billable_fte_total_lag2,billable_fte_total_lag3,billable_fte_total_lag6,unbillable_fte_total_lag1,unbillable_fte_total_lag2,unbillable_fte_total_lag3,unbillable_fte_total_lag6,billable_hours_lag1,billable_hours_lag2,billable_hours_lag3,billable_hours_lag6,total_logged_hours_lag1,total_logged_hours_lag2,total_logged_hours_lag3,total_logged_hours_lag6,over_allocated_count_lag1,over_allocated_count_lag2,over_allocated_count_lag3,over_allocated_count_lag6,under_allocated_count_lag1,under_allocated_count_lag2,under_allocated_count_lag3,under_allocated_count_lag6,free_pool_headcount_lag1,free_pool_headcount_lag2,free_pool_headcount_lag3,free_pool_headcount_lag6,shadow_unbilled_count_lag1,shadow_unbilled_count_lag2,shadow_unbilled_count_lag3,shadow_unbilled_count_lag6,notice_period_headcount_lag1,notice_period_headcount_lag2,notice_period_headcount_lag3,notice_period_headcount_lag6,completions_total_lag1,completions_total_lag2,completions_total_lag3,completions_total_lag6,completions_on_time_lag1,completions_on_time_lag2,completions_on_time_lag3,completions_on_time_lag6,extensions_billable_lag1,extensions_billable_lag2,extensions_billable_lag3,extensions_billable_lag6,extensions_unbillable_lag1,extensions_unbillable_lag2,extensions_unbillable_lag3,extensions_unbillable_lag6,new_projects_total_lag1,new_projects_total_lag2,new_projects_total_lag3,new_projects_total_lag6,avg_q1_motivation_lag1,avg_q1_motivation_lag2,avg_q1_motivation_lag3,avg_q1_motivation_lag6,avg_q5_workload_lag1,avg_q5_workload_lag2,avg_q5_workload_lag3,avg_q5_workload_lag6,total_active_headcount_roll3_mean,total_active_headcount_roll3_std,total_active_headcount_roll6_mean,total_active_headcount_roll6_std,new_hires_total_roll3_mean,new_hires_total_roll3_std,new_hires_total_roll6_mean,new_hires_total_roll6_std,resignations_total_roll3_mean,resignations_total_roll3_std,resignations_total_roll6_mean,resignations_total_roll6_std,promotions_total_roll3_mean,promotions_total_roll3_std,promotions_total_roll6_mean,promotions_total_roll6_std,revenue_usd_total_roll3_mean,revenue_usd_total_roll3_std,revenue_usd_total_roll6_mean,revenue_usd_total_roll6_std,revenue_usd_billable_roll3_mean,revenue_usd_billable_roll3_std,revenue_usd_billable_roll6_mean,revenue_usd_billable_roll6_std,ebitda_usd_total_roll3_mean,ebitda_usd_total_roll3_std,ebitda_usd_total_roll6_mean,ebitda_usd_total_roll6_std,ebitda_margin_pct_roll3_mean,ebitda_margin_pct_roll3_std,ebitda_margin_pct_roll6_mean,ebitda_margin_pct_roll6_std,billable_fte_total_roll3_mean,billable_fte_total_roll3_std,billable_fte_total_roll6_mean,billable_fte_total_roll6_std,unbillable_fte_total_roll3_mean,unbillable_fte_total_roll3_std,unbillable_fte_total_roll6_mean,unbillable_fte_total_roll6_std,billable_hours_roll3_mean,billable_hours_roll3_std,billable_hours_roll6_mean,billable_hours_roll6_std,total_logged_hours_roll3_mean,total_logged_hours_roll3_std,total_logged_hours_roll6_mean,total_logged_hours_roll6_std,over_allocated_count_roll3_mean,over_allocated_count_roll3_std,over_allocated_count_roll6_mean,over_allocated_count_roll6_std,under_allocated_count_roll3_mean,under_allocated_count_roll3_std,under_allocated_count_roll6_mean,under_allocated_count_roll6_std,free_pool_headcount_roll3_mean,free_pool_headcount_roll3_std,free_pool_headcount_roll6_mean,free_pool_headcount_roll6_std,shadow_unbilled_count_roll3_mean,shadow_unbilled_count_roll3_std,shadow_unbilled_count_roll6_mean,shadow_unbilled_count_roll6_std,notice_period_headcount_roll3_mean,notice_period_headcount_roll3_std,notice_period_headcount_roll6_mean,notice_period_headcount_roll6_std,completions_total_roll3_mean,completions_total_roll3_std,completions_total_roll6_mean,completions_total_roll6_std,completions_on_time_roll3_mean,completions_on_time_roll3_std,completions_on_time_roll6_mean,completions_on_time_roll6_std,extensions_billable_roll3_mean,extensions_billable_roll3_std,extensions_billable_roll6_mean,extensions_billable_roll6_std,extensions_unbillable_roll3_mean,extensions_unbillable_roll3_std,extensions_unbillable_roll6_mean,extensions_unbillable_roll6_std,new_projects_total_roll3_mean,new_projects_total_roll3_std,new_projects_total_roll6_mean,new_projects_total_roll6_std,avg_q1_motivation_roll3_mean,avg_q1_motivation_roll3_std,avg_q1_motivation_roll6_mean,avg_q1_motivation_roll6_std,avg_q5_workload_roll3_mean,avg_q5_workload_roll3_std,avg_q5_workload_roll6_mean,avg_q5_workload_roll6_std,ratio_hires_to_resignations,ratio_billable_to_unbillable_fte,utilization_rate,ratio_over_to_under_allocated,ratio_extensions_billable_to_unbillable,net_hire_flow,completion_on_time_rate,interact_peak_season_new_projects,interact_notice_headcount_pulse_delta,interact_over_allocated_workload,interact_low_season_free_pool,month_sin,month_cos,time_index
2024-08-01,1874020.12,638142.24,532881.38,273545.78,221500.62,207950.11,856037.78,275868.12,283216.67,282200.29,116576.79,60120.47,1580913.37,434308.17,23.18,293106.75,8,3,2,1,1,1,4,1,1,1,0,0,4,2,6,4,5,4,55.00000000000001,25.0,10.0,10.0,9,7,2,0,"{""Trainee Software Engineer"": 2, ""Senior Software Engineer"": 2, ""Software Engineer"": 1, ""Solutions Enabler"": 0, ""Associate Consultant"": 0, ""Solutions Consultant"": 1, ""Senior Associate Consultant"": 1, ""Consultant"": 0, ""Senior Consultant"": 0, ""Manager"": 2}",8,"{""Trainee Software Engineer"": 2, ""Senior Software Engineer"": 2, ""Software Engineer"": 1, ""Solutions Enabler"": 1, ""Associate Consultant"": 0, ""Solutions Consultant"": 0, ""Senior Associate Consultant"": 0, ""Consultant"": 0, ""Senior Consultant"": 0, ""Manager"": 0}",29,6,21,14.0,29,54,49,1071.2,73.1,22.9,5.1,321.4,100.1,95.3,46.7,41.1,38.1,56.7,51573.0,44528.0,1,0,0,1,0,555,3.17,2.99,6.9,394,71.0,3.07,2.7,-0.36,31,2.0,,,,,,,,,,,,,,,,,,,,,,,,,,,,,,,,,,,,,,,,,,,,,,,,,,,,,,,,,,,,,,,,,,,,,,,,,,,,,,,,,,,,,,,,,,,,,,,,,,,,,,,,,,,,,,,,,,,,,,,,,,,,,,,,,,,,,,,,,,,,,,,,,,,,,,,,,,,,,,,,,,,,,,,,,,,,,,,,,,,,,,,,,,,,,,,,,1.125,5.668430335097001,0.8633975142031683,0.5370370370370371,2.0,1,0.6666666666666666,0,-10.44,86.71000000000001,0,-0.8660254037844385,-0.5000000000000004,0
2024-09-01,1685314.54,538861.53,510478.08,231422.22,226740.99,177811.72,783151.88,275748.24,250247.36,217337.75,108745.19,50084.11,1432521.62,381704.93,22.65,252792.91,8,3,2,1,1,1,4,1,1,1,0,0,5,2,8,6,6,4,55.00000000000001,25.0,10.0,10.0,17,12,4,1,"{""Trainee Software Engineer"": 4, ""Senior Software Engineer"": 3, ""Software Engineer"": 6, ""Solutions Enabler"": 1, ""Associate Consultant"": 1, ""Solutions Consultant"": 0, ""Senior Associate Consultant"": 1, ""Consultant"": 0, ""Senior Consultant"": 0, ""Manager"": 1}",8,"{""Trainee Software Engineer"": 3, ""Senior Software Engineer"": 1, ""Software Engineer"": 0, ""Solutions Enabler"": 0, ""Associate Consultant"": 1, ""Solutions Consultant"": 1, ""Senior Associate Consultant"": 1, ""Consultant"": 0, ""Senior Consultant"": 1, ""Manager"": 0}",26,4,23,16.0,31,63,48,1040.0,72.6,23.6,5.0,345.3,127.1,92.3,43.8,43.2,38.9,53.3,50310.0,45765.0,0,0,0,1,1,564,3.05,3.07,11.9,419,74.3,3.07,2.71,-0.36,32,2.1875,555.0,,,,9.0,,,,8.0,,,,6.0,,,,1874020.12,,,,1580913.37,,,,434308.17,,,,23.18,,,,321.4,,,,56.7,,,,44528.0,,,,51573.0,,,,29.0,,,,54.0,,,,21.0,,,,49.0,,,,29.0,,,,6.0,,,,4.0,,,,4.0,,,,2.0,,,,8.0,,,,3.17,,,,2.99,,,,,,,,,,,,,,,,,,,,,,,,,,,,,,,,,,,,,,,,,,,,,,,,,,,,,,,,,,,,,,,,,,,,,,,,,,,,,,,,,,,,,,,,,,,,,,,,,,,,2.125,6.478424015009382,0.909660107334526,0.49206349206349204,2.5,9,0.75,0,-9.36,95.17,0,-1.0,-1.8369701987210297e-16,1
2024-10-01,1777564.66,563095.39,541836.48,234819.96,225901.97,211910.86,831726.59,265841.22,257819.0,247614.94,116113.4,58449.52,1476006.61,426570.66,24.0,301558.05,9,3,3,1,1,1,4,1,1,1,1,0,5,2,8,5,6,6,55.00000000000001,25.0,10.0,10.0,25,18,6,1,"{""Trainee Software Engineer"": 7, ""Senior Software Engineer"": 4, ""Software Engineer"": 1, ""Solutions Enabler"": 2, ""Associate Consultant"": 3, ""Solutions Consultant"": 2, ""Senior Associate Consultant"": 1, ""Consultant"": 0, ""Senior Consultant"": 1, ""Manager"": 4}",15,"{""Trainee Software Engineer"": 2, ""Senior Software Engineer"": 5, ""Software Engineer"": 2, ""Solutions Enabler"": 3, ""Associate Consultant"": 1, ""Solutions Consultant"": 0, ""Senior Associate Consultant"": 0, ""Consultant"": 0, ""Senior Consultant"": 0, ""Manager"": 0}",45,11,22,14.4,38,34,38,720.5,70.8,23.3,4.3,396.8,127.1,121.9,61.8,46.4,39.6,61.8,52042.0,52042.0,0,0,0,1,0,574,3.08,2.98,15.7,344,59.9,2.99,2.64,-0.35,24,2.0416666666666665,564.0,555.0,,,17.0,9.0,,,8.0,8.0,,,4.0,6.0,,,1685314.54,1874020.12,,,1432521.62,1580913.37,,,381704.93,434308.17,,,22.65,23.18,,,345.3,321.4,,,53.3,56.7,,,45765.0,44528.0,,,50310.0,51573.0,,,31.0,29.0,,,63.0,54.0,,,23.0,21.0,,,48.0,49.0,,,26.0,29.0,,,8.0,6.0,,,6.0,4.0,,,5.0,4.0,,,2.0,2.0,,,8.0,8.0,,,3.05,3.17,,,3.07,2.99,,,564.3333333333334,9.504384952922154,,,17.0,8.0,,,10.333333333333334,4.041451884327381,,,7.0,3.605551275463989,,,1778966.4400000002,94360.59941077318,,,1496480.5333333334,76285.08385988727,,,414194.58666666667,28401.595166265448,,,23.276666666666667,0.6801715469889442,,,354.5,38.53271337448221,,,57.26666666666667,4.278239513320091,,,47445.0,4028.8768906483106,,,51308.333333333336,895.8193642321716,,,32.666666666666664,4.72581562625261,,,50.333333333333336,14.84362938547488,,,22.0,1.0,,,45.0,6.082762530298219,,,33.333333333333336,10.214368964029708,,,7.333333333333333,1.1547005383792517,,,5.0,1.0,,,4.666666666666667,0.5773502691896257,,,2.0,0.0,,,8.333333333333334,0.5773502691896255,,,3.1,0.06244997998398402,,,3.013333333333333,0.04932882862316236,,,1.6666666666666667,6.4207119741100325,1.0,1.1176470588235294,2.5,10,0.625,0,-15.749999999999998,113.24,0,-0.8660254037844386,0.5000000000000001,2
2024-11-01,2754488.74,978220.68,789835.6,359480.1,354012.59,272939.76,1261009.82,422617.35,445624.52,370864.42,170783.73,83588.9,2367468.82,681341.27,24.74,387019.91,18,6,6,2,2,2,8,3,3,2,1,1,5,2,7,5,6,5,55.00000000000001,25.0,10.0,10.0,18,13,4,1,"{""Trainee Software Engineer"": 2, ""Senior Software Engineer"": 4, ""Software Engineer"": 2, ""Solutions Enabler"": 5, ""Associate Consultant"": 1, ""Solutions Consultant"": 1, ""Senior Associate Consultant"": 0, ""Consultant"": 1, ""Senior Consultant"": 1, ""Manager"": 0}",8,"{""Trainee Software Engineer"": 3, ""Senior Software Engineer"": 1, ""Software Engineer"": 1, ""Solutions Enabler"": 1, ""Associate Consultant"": 1, ""Solutions Consultant"": 0, ""Senior Associate Consultant"": 0, ""Consultant"": 0, ""Senior Consultant"": 0, ""Manager"": 0}",23,5,20,13.5,30,38,52,1235.4,72.7,23.1,5.3,360.3,120.8,105.0,52.8,47.1,34.6,44.1,57136.0,48416.0,0,0,0,1,0,584,3.18,3.02,9.1,404,69.2,2.95,2.57,-0.38,23,2.0869565217391304,574.0,564.0,555.0,,25.0,17.0,9.0,,15.0,8.0,8.0,,11.0,4.0,6.0,,1777564.66,1685314.54,1874020.12,,1476006.61,1432521.62,1580913.37,,426570.66,381704.93,434308.17,,24.0,22.65,23.18,,396.8,345.3,321.4,,61.8,53.3,56.7,,52042.0,45765.0,44528.0,,52042.0,50310.0,51573.0,,38.0,31.0,29.0,,34.0,63.0,54.0,,22.0,23.0,21.0,,38.0,48.0,49.0,,45.0,26.0,29.0,,8.0,8.0,6.0,,5.0,6.0,4.0,,5.0,5.0,4.0,,2.0,2.0,2.0,,9.0,8.0,8.0,,3.08,3.05,3.17,,2.98,3.07,2.99,,574.0,9.999999999999973,,,20.0,4.358898943540674,,,10.333333333333334,4.041451884327381,,,6.666666666666667,3.7859388972001824,,,2072455.9800000002,592455.9354457655,,,1758665.6833333333,527687.1047317755,,,496538.95333333337,161608.0307909648,,,23.796666666666667,1.0597326706926282,,,367.4666666666667,26.487418396916915,,,53.06666666666666,8.852306667379597,,,48741.0,3151.095206432202,,,53162.666666666664,3548.3079535650986,,,33.0,4.358898943540675,,,45.0,15.716233645501713,,,21.666666666666668,1.5275252316519472,,,46.0,7.211102550927978,,,31.333333333333332,11.930353445448853,,,7.666666666666667,0.5773502691896258,,,5.333333333333333,0.5773502691896257,,,5.0,0.0,,,2.0,0.0,,,11.666666666666666,5.507570547286102,,,3.1033333333333335,0.06806859285554061,,,3.0233333333333334,0.04509249752822879,,,2.25,8.170068027210885,0.8473816858022962,0.7894736842105263,2.5,10,0.7142857142857143,0,-8.74,90.6,0,-0.5000000000000004,0.8660254037844384,3
2024-12-01,1976058.17,644239.53,598357.46,291607.12,260920.93,180933.13,959304.09,298163.2,283922.91,256498.21,117125.92,61043.84,1614600.38,500935.42,25.35,361457.79,9,3,3,1,1,1,4,1,1,1,1,0,3,2,6,5,4,4,55.00000000000001,25.0,10.0,10.0,16,11,4,1,"{""Trainee Software Engineer"": 7, ""Senior Software Engineer"": 2, ""Software Engineer"": 0, ""Solutions Enabler"": 1, ""Associate Consultant"": 1, ""Solutions Consultant"": 1, ""Senior Associate Consultant"": 1, ""Consultant"": 0, ""Senior Consultant"": 1, ""Manager"": 2}",9,"{""Trainee Software Engineer"": 3, ""Senior Software Engineer"": 1, ""Software Engineer"": 0, ""Solutions Enabler"": 1, ""Associate Consultant"": 1, ""Solutions Consultant"": 1, ""Senior Associate Consultant"": 1, ""Consultant"": 0, ""Senior Consultant"": 0, ""Manager"": 0}",26,4,29,22.6,25,65,42,1013.8,71.5,22.2,5.1,369.9,128.2,105.0,54.4,44.9,37.4,51.9,64612.0,48112.0,2,1,0,1,1,591,3.19,3.02,8.3,415,70.2,3.02,2.62,-0.4,21,2.0,584.0,574.0,564.0,,18.0,25.0,17.0,,8.0,15.0,8.0,,5.0,11.0,4.0,,2754488.74,1777564.66,1685314.54,,2367468.82,1476006.61,1432521.62,,681341.27,426570.66,381704.93,,24.74,24.0,22.65,,360.3,396.8,345.3,,44.1,61.8,53.3,,48416.0,52042.0,45765.0,,57136.0,52042.0,50310.0,,30.0,38.0,31.0,,38.0,34.0,63.0,,20.0,22.0,23.0,,52.0,38.0,48.0,,23.0,45.0,26.0,,7.0,8.0,8.0,,5.0,5.0,6.0,,5.0,5.0,5.0,,2.0,2.0,2.0,,18.0,9.0,8.0,,3.18,3.08,3.05,,3.02,2.98,3.07,,583.0,8.5440037453175,,,19.666666666666668,4.725815626252609,,,10.666666666666666,3.785938897200182,,,6.666666666666667,3.7859388972001824,,,2169370.5233333334,516354.93024122034,,,1819358.6033333333,479708.9382964302,,,536282.4500000001,131011.7373646678,,,24.69666666666667,0.6760424049816159,,,375.6666666666667,18.920976014289856,,,52.6,8.870738413458032,,,49523.333333333336,2186.518999078978,,,57930.0,6322.503618029808,,,31.0,6.557438524302002,,,45.666666666666664,16.862186493255656,,,23.666666666666668,4.725815626252608,,,44.0,7.211102550927978,,,31.333333333333332,11.930353445448853,,,7.0,1.0,,,5.0,0.0,,,4.333333333333333,1.1547005383792515,,,2.0,0.0,,,12.0,5.196152422706632,,,3.15,0.06082762530298197,,,3.0066666666666664,0.023094010767584983,,,1.7777777777777777,7.127167630057803,0.7446294805918405,0.38461538461538464,1.5,7,0.8333333333333334,0,-10.4,75.5,29,-2.4492935982947064e-16,1.0,4
2025-01-01,1612844.97,547695.57,472672.92,223937.25,221261.95,147277.29,718827.78,272249.24,260084.92,214499.22,99595.27,47588.53,1439940.0,414390.21,25.69,172904.97,8,3,2,1,1,1,3,1,1,1,1,0,4,2,6,4,4,4,55.00000000000001,25.0,10.0,10.0,15,11,3,1,"{""Trainee Software Engineer"": 2, ""Senior Software Engineer"": 4, ""Software Engineer"": 2, ""Solutions Enabler"": 1, ""Associate Consultant"": 3, ""Solutions Consultant"": 0, ""Senior Associate Consultant"": 1, ""Consultant"": 0, ""Senior Consultant"": 0, ""Manager"": 0}",7,"{""Trainee Software Engineer"": 1, ""Senior Software Engineer"": 2, ""Software Engineer"": 1, ""Solutions Enabler"": 2, ""Associate Consultant"": 0, ""Solutions Consultant"": 0, ""Senior Associate Consultant"": 0, ""Consultant"": 0, ""Senior Consultant"": 0, ""Manager"": 0}",15,5,29,27.8,21,65,50,1182.0,72.0,22.8,5.0,339.4,115.9,102.7,46.8,37.8,36.2,49.4,55779.0,47874.0,1,1,0,1,0,598,3.24,3.3,5.5,441,73.7,3.07,2.73,-0.34,30,1.7,591.0,584.0,574.0,,16.0,18.0,25.0,,9.0,8.0,15.0,,4.0,5.0,11.0,,1976058.17,2754488.74,1777564.66,,1614600.38,2367468.82,1476006.61,,500935.42,681341.27,426570.66,,25.35,24.74,24.0,,369.9,360.3,396.8,,51.9,44.1,61.8,,48112.0,48416.0,52042.0,,64612.0,57136.0,52042.0,,25.0,30.0,38.0,,65.0,38.0,34.0,,29.0,20.0,22.0,,42.0,52.0,38.0,,26.0,23.0,45.0,,6.0,7.0,8.0,,5.0,5.0,5.0,,3.0,5.0,5.0,,2.0,2.0,2.0,,9.0,18.0,9.0,,3.19,3.18,3.08,,3.02,3.02,2.98,,591.0,6.999999999999962,577.6666666666666,16.40325171015387,16.333333333333332,1.5275252316519485,16.666666666666668,5.163977794943222,8.0,0.9999999999999973,9.166666666666666,2.9268868558020253,4.666666666666667,0.5773502691896273,5.833333333333333,2.6394443859772205,2114463.96,583270.7316710624,1946715.2000000002,416426.5162498035,1807336.3999999997,492887.21634541126,1651908.4666666668,358458.2259829179,532222.2999999999,136197.902898252,473208.44333333336,109186.85854605722,25.26,0.48135226186234115,24.268333333333334,1.2074007895751395,356.5333333333333,15.594977824073151,355.51666666666665,26.314058346569553,48.46666666666667,3.982880029995032,52.86666666666667,6.0744272706706,48134.0,271.6689161461198,47789.5,2581.6036682651347,59175.666666666664,4756.642968873462,55242.0,5285.80533126221,25.333333333333332,4.509249752822895,29.0,5.761944116355173,56.0,15.5884572681199,53.166666666666664,13.963046467969185,26.0,5.196152422706631,24.0,4.0,48.0,5.291502622129181,46.5,5.357238094391549,21.333333333333332,5.686240703077324,27.333333333333332,9.892758294159757,6.333333333333333,0.5773502691896258,6.833333333333333,0.983192080250175,4.666666666666667,0.5773502691896258,4.833333333333333,0.752772652709081,4.0,0.9999999999999997,4.333333333333333,0.816496580927726,2.0,0.0,2.0,0.0,11.666666666666666,5.507570547286102,10.0,3.9496835316262997,3.203333333333333,0.032145502536642195,3.151666666666667,0.07194905605125536,3.1133333333333333,0.1616580753730951,3.063333333333333,0.12011105971835664,2.142857142857143,6.870445344129554,0.8582799978486527,0.3230769230769231,2.0,8,0.6666666666666666,0,-5.1000000000000005,69.3,29,0.49999999999999994,0.8660254037844387,5
2025-02-01,2354328.63,765653.62,719207.02,291881.73,324039.02,253547.25,1064267.07,364926.73,374321.57,329995.83,153580.42,67237.02,2149974.43,607074.73,25.79,204354.2,11,4,3,2,1,1,5,2,2,1,1,0,5,2,6,4,8,4,55.00000000000001,25.0,10.0,10.0,11,8,2,1,"{""Trainee Software Engineer"": 0, ""Senior Software Engineer"": 3, ""Software Engineer"": 1, ""Solutions Enabler"": 2, ""Associate Consultant"": 1, ""Solutions Consultant"": 2, ""Senior Associate Consultant"": 0, ""Consultant"": 1, ""Senior Consultant"": 1, ""Manager"": 0}",7,"{""Trainee Software Engineer"": 2, ""Senior Software Engineer"": 1, ""Software Engineer"": 0, ""Solutions Enabler"": 1, ""Associate Consultant"": 0, ""Solutions Consultant"": 1, ""Senior Associate Consultant"": 1, ""Consultant"": 0, ""Senior Consultant"": 1, ""Manager"": 0}",22,6,22,16.7,41,50,45,1202.3,73.4,23.4,5.3,386.5,125.9,119.1,49.9,51.7,39.9,49.7,57454.0,54408.0,0,0,1,1,0,602,3.06,2.79,15.8,440,73.1,3.12,2.74,-0.38,31,1.967741935483871,598.0,591.0,584.0,555.0,15.0,16.0,18.0,9.0,7.0,9.0,8.0,8.0,5.0,4.0,5.0,6.0,1612844.97,1976058.17,2754488.74,1874020.12,1439940.0,1614600.38,2367468.82,1580913.37,414390.21,500935.42,681341.27,434308.17,25.69,25.35,24.74,23.18,339.4,369.9,360.3,321.4,49.4,51.9,44.1,56.7,47874.0,48112.0,48416.0,44528.0,55779.0,64612.0,57136.0,51573.0,21.0,25.0,30.0,29.0,65.0,65.0,38.0,54.0,29.0,29.0,20.0,21.0,50.0,42.0,52.0,49.0,15.0,26.0,23.0,29.0,6.0,6.0,7.0,6.0,4.0,5.0,5.0,4.0,4.0,3.0,5.0,4.0,2.0,2.0,2.0,2.0,8.0,9.0,18.0,8.0,3.24,3.19,3.18,3.17,3.3,3.02,3.02,2.99,597.0,5.567764362829974,585.5,14.529280780547895,14.0,2.64575131106459,17.0,4.604345773288536,7.666666666666667,1.1547005383792492,9.0,3.03315017762062,5.0,1.0000000000000009,5.833333333333333,2.6394443859772205,1981077.2566666666,370767.30969028885,2026766.6183333334,444852.7786530793,1734838.2700000003,369973.087656515,1746751.9766666666,407803.6661482667,507466.7866666666,96508.1609233562,502002.87000000005,119198.22800186704,25.610000000000003,0.23065125189339106,24.703333333333333,1.2070404577588412,365.26666666666665,23.889397927393073,366.3666666666666,22.591296259105338,50.333333333333336,1.3650396819628585,51.699999999999996,5.859351499952874,50131.333333333336,3705.6132196079684,49436.166666666664,3169.2737601328568,59281.666666666664,4691.561182946818,56222.166666666664,5007.308914643339,29.0,10.583005244258363,31.0,7.563068160475615,60.0,8.660254037844387,52.5,14.010710188994706,26.666666666666668,4.041451884327381,24.166666666666668,3.8686776379877745,45.666666666666664,4.041451884327381,45.833333333333336,5.23131595936115,21.0,5.567764362830019,26.166666666666668,10.068101443006357,6.0,0.0,6.833333333333333,0.983192080250175,4.333333333333333,0.5773502691896258,4.833333333333333,0.752772652709081,4.0,0.9999999999999997,4.5,0.8366600265340756,2.0,0.0,2.0,0.0,9.333333333333334,1.5275252316519465,10.5,3.8340579025361627,3.1633333333333336,0.09291573243177546,3.1333333333333333,0.07991662321861871,3.0366666666666666,0.25540817005987354,3.03,0.16419500601419032,1.5714285714285714,7.776659959758551,0.9469836738956382,0.82,2.5,4,0.6666666666666666,11,-8.36,114.39,0,0.8660254037844386,0.5000000000000001,6
2025-03-01,2569137.52,888677.78,714654.45,360348.78,337476.4,267980.12,1135018.25,437141.3,383257.64,383336.52,152108.93,78274.88,2259750.15,690666.73,26.88,309387.37,10,4,3,1,1,1,5,1,2,2,1,0,5,2,8,5,8,4,55.00000000000001,25.0,10.0,10.0,12,8,3,1,"{""Trainee Software Engineer"": 4, ""Senior Software Engineer"": 3, ""Software Engineer"": 1, ""Solutions Enabler"": 2, ""Associate Consultant"": 1, ""Solutions Consultant"": 0, ""Senior Associate Consultant"": 0, ""Consultant"": 0, ""Senior Consultant"": 1, ""Manager"": 0}",7,"{""Trainee Software Engineer"": 2, ""Senior Software Engineer"": 2, ""Software Engineer"": 1, ""Solutions Enabler"": 1, ""Associate Consultant"": 1, ""Solutions Consultant"": 0, ""Senior Associate Consultant"": 0, ""Consultant"": 0, ""Senior Consultant"": 0, ""Manager"": 0}",23,4,15,20.1,39,48,44,1168.2,72.4,23.7,4.9,371.1,116.2,114.8,51.9,45.5,42.8,42.9,60004.0,54144.0,0,0,1,1,1,607,3.05,2.82,13.4,403,66.4,3.11,2.67,-0.44,31,2.2903225806451615,602.0,598.0,591.0,564.0,11.0,15.0,16.0,17.0,7.0,7.0,9.0,8.0,6.0,5.0,4.0,4.0,2354328.63,1612844.97,1976058.17,1685314.54,2149974.43,1439940.0,1614600.38,1432521.62,607074.73,414390.21,500935.42,381704.93,25.79,25.69,25.35,22.65,386.5,339.4,369.9,345.3,49.7,49.4,51.9,53.3,54408.0,47874.0,48112.0,45765.0,57454.0,55779.0,64612.0,50310.0,41.0,21.0,25.0,31.0,50.0,65.0,65.0,63.0,22.0,29.0,29.0,23.0,45.0,50.0,42.0,48.0,22.0,15.0,26.0,26.0,6.0,6.0,6.0,8.0,4.0,4.0,5.0,6.0,5.0,4.0,3.0,5.0,2.0,2.0,2.0,2.0,11.0,8.0,9.0,8.0,3.06,3.24,3.19,3.05,2.79,3.3,3.02,3.07,602.3333333333334,4.50924975282282,592.6666666666666,12.225656083280995,12.666666666666666,2.08166599946613,16.166666666666668,5.036533199202273,7.0,0.0,8.833333333333334,3.1251666622224588,5.0,1.0000000000000009,5.833333333333333,2.6394443859772205,2178770.373333333,501736.3714235347,2174070.4483333332,455380.31063219556,1949888.1933333334,445025.89485144295,1884623.3983333332,419974.85304193734,570710.5566666666,141682.54551104773,553496.5033333333,123494.1131006452,26.12,0.6600757532283593,25.40833333333333,0.982271177764407,365.6666666666667,24.015481118089905,370.6666666666667,20.09723032327258,47.333333333333336,3.8423083339749353,49.96666666666667,6.760374743064668,52142.0,3698.5526899045244,50832.666666666664,3072.6678093582836,57745.666666666664,2127.5474926152265,57837.833333333336,4220.236695573679,33.666666666666664,11.015141094572204,32.333333333333336,8.238122763510304,54.333333333333336,9.29157324317757,50.0,13.069047402163635,22.0,7.0,22.833333333333332,5.419102016632154,46.333333333333336,3.21455025366432,45.166666666666664,5.154286242213045,20.0,4.3588989435406695,25.666666666666668,10.152175464730044,6.666666666666667,1.1547005383792515,6.833333333333333,0.983192080250175,4.333333333333333,0.5773502691896258,4.666666666666667,0.5163977794943221,4.666666666666667,0.5773502691896262,4.5,0.8366600265340756,2.0,0.0,2.0,0.0,9.666666666666666,1.5275252316519465,10.833333333333334,3.65604522218567,3.1166666666666667,0.10692676621563625,3.1333333333333333,0.07991662321861871,2.97,0.28618176042508364,2.9883333333333333,0.1826928205121008,1.7142857142857142,8.650349650349652,0.9023398440103994,0.8125,2.5,5,0.625,10,-10.12,109.97999999999999,0,1.0,6.123233995736766e-17,7
2025-04-01,2694102.37,919929.7,806650.3,349447.75,337177.94,280896.67,1243448.87,411647.57,396448.72,398195.15,157860.27,86501.79,2266031.82,747340.85,27.74,428070.55,11,3,3,1,1,1,5,2,2,1,1,0,5,2,6,4,7,4,55.00000000000001,25.0,10.0,10.0,22,16,5,1,"{""Trainee Software Engineer"": 8, ""Senior Software Engineer"": 5, ""Software Engineer"": 1, ""Solutions Enabler"": 1, ""Associate Consultant"": 2, ""Solutions Consultant"": 1, ""Senior Associate Consultant"": 0, ""Consultant"": 1, ""Senior Consultant"": 2, ""Manager"": 0}",16,"{""Trainee Software Engineer"": 3, ""Senior Software Engineer"": 3, ""Software Engineer"": 1, ""Solutions Enabler"": 2, ""Associate Consultant"": 2, ""Solutions Consultant"": 1, ""Senior Associate Consultant"": 1, ""Consultant"": 2, ""Senior Consultant"": 0, ""Manager"": 0}",44,12,16,18.4,34,45,37,762.2,71.0,22.9,5.2,386.8,127.8,115.1,54.2,47.4,42.2,58.1,71223.0,47443.0,2,0,0,1,0,613,3.06,2.81,10.7,408,66.6,3.13,2.71,-0.42,22,2.0454545454545454,607.0,602.0,598.0,574.0,12.0,11.0,15.0,25.0,7.0,7.0,7.0,15.0,4.0,6.0,5.0,11.0,2569137.52,2354328.63,1612844.97,1777564.66,2259750.15,2149974.43,1439940.0,1476006.61,690666.73,607074.73,414390.21,426570.66,26.88,25.79,25.69,24.0,371.1,386.5,339.4,396.8,42.9,49.7,49.4,61.8,54144.0,54408.0,47874.0,52042.0,60004.0,57454.0,55779.0,52042.0,39.0,41.0,21.0,38.0,48.0,50.0,65.0,34.0,15.0,22.0,29.0,22.0,44.0,45.0,50.0,38.0,23.0,22.0,15.0,45.0,8.0,6.0,6.0,8.0,5.0,4.0,4.0,5.0,5.0,5.0,4.0,5.0,2.0,2.0,2.0,2.0,10.0,11.0,8.0,9.0,3.05,3.06,3.24,3.08,2.82,2.79,3.3,2.98,607.3333333333334,5.507570547286015,599.1666666666666,10.571975532825736,15.0,6.082762530298219,15.666666666666666,4.033195589934449,10.0,5.196152422706632,9.0,3.5213633723318014,7.333333333333333,4.163331998932266,6.0,3.03315017762062,2539189.5066666664,171855.20424286666,2326826.7333333334,449458.6967199223,2225252.1333333333,65268.01903576622,2016294.2666666666,388941.07135720964,681694.1033333334,70562.22166951752,606958.2016666667,126941.34216181716,26.80333333333333,0.9772580689527799,26.031666666666666,1.0905304519666914,381.4666666666667,8.979049689879801,369.0,17.777288882166488,50.23333333333333,7.614022152143587,49.349999999999994,5.520054347558548,51998.333333333336,3947.2421173945404,50066.166666666664,3277.4580648219803,62893.666666666664,7325.228346838981,61034.666666666664,5887.351379582048,38.0,3.605551275463993,31.666666666666668,7.840068026915753,47.666666666666664,2.516611478423588,51.833333333333336,10.980285363626335,17.666666666666668,3.785938897200183,21.833333333333332,6.112828041640521,42.0,4.358898943540675,45.0,5.440588203494179,29.666666666666668,12.423096769056148,25.5,9.772410142846033,6.666666666666667,1.1547005383792515,6.5,0.8366600265340753,4.333333333333333,0.5773502691896258,4.5,0.5477225575051659,5.0,0.0,4.5,0.8366600265340756,2.0,0.0,2.0,0.0,10.666666666666666,0.5773502691896258,11.166666666666666,3.5449494589721113,3.0566666666666666,0.005773502691891878,3.1300000000000003,0.08294576541331086,2.8066666666666666,0.015275252316516863,2.9599999999999995,0.19687559523719544,1.375,6.657487091222031,0.6661190907431588,0.7555555555555555,2.5,6,0.6666666666666666,0,-18.48,95.54,0,0.8660254037844387,-0.4999999999999998,8
2025-05-01,2526867.86,849375.34,770073.31,315876.99,309018.17,282524.06,1193928.57,381862.61,367228.11,358234.58,146690.15,78923.84,2103940.06,686371.06,27.16,422927.8,10,4,3,1,1,1,5,2,2,2,1,0,5,1,7,4,8,4,55.00000000000001,25.0,10.0,10.0,14,10,3,1,"{""Trainee Software Engineer"": 3, ""Senior Software Engineer"": 3, ""Software Engineer"": 2, ""Solutions Enabler"": 1, ""Associate Consultant"": 1, ""Solutions Consultant"": 1, ""Senior Associate Consultant"": 0, ""Consultant"": 1, ""Senior Consultant"": 0, ""Manager"": 1}",8,"{""Trainee Software Engineer"": 2, ""Senior Software Engineer"": 0, ""Software Engineer"": 1, ""Solutions Enabler"": 2, ""Associate Consultant"": 0, ""Solutions Consultant"": 0, ""Senior Associate Consultant"": 0, ""Consultant"": 1, ""Senior Consultant"": 1, ""Manager"": 0}",22,4,21,19.0,38,54,46,1063.5,71.5,22.9,4.8,419.0,140.8,124.2,63.9,51.2,38.9,52.3,68632.0,58503.0,2,0,0,1,0,618,2.95,2.97,15.4,361,58.4,3.16,2.76,-0.39,21,2.0,613.0,607.0,602.0,584.0,22.0,12.0,11.0,18.0,16.0,7.0,7.0,8.0,12.0,4.0,6.0,5.0,2694102.37,2569137.52,2354328.63,2754488.74,2266031.82,2259750.15,2149974.43,2367468.82,747340.85,690666.73,607074.73,681341.27,27.74,26.88,25.79,24.74,386.8,371.1,386.5,360.3,58.1,42.9,49.7,44.1,47443.0,54144.0,54408.0,48416.0,71223.0,60004.0,57454.0,57136.0,34.0,39.0,41.0,30.0,45.0,48.0,50.0,38.0,16.0,15.0,22.0,20.0,37.0,44.0,45.0,52.0,44.0,23.0,22.0,23.0,6.0,8.0,6.0,7.0,4.0,5.0,4.0,5.0,5.0,5.0,5.0,5.0,2.0,2.0,2.0,2.0,11.0,10.0,11.0,18.0,3.06,3.05,3.06,3.18,2.81,2.82,2.79,3.02,612.6666666666666,5.507570547286015,604.8333333333334,9.907909298467906,16.0,5.291502622129181,15.0,3.8987177379235893,10.333333333333334,4.932882862316248,9.0,3.5213633723318014,6.666666666666667,4.618802153517007,5.833333333333333,3.125166662222459,2596702.5833333335,86958.15011350843,2288889.92,414379.54820730124,2209907.3433333333,91824.09105067332,1972372.8066666666,354727.90564922965,708126.2133333334,34028.72304188373,607796.5,127545.96543884279,27.26,0.4386342439892033,26.435,0.9565510963874378,392.3,24.419049940568872,378.7833333333333,26.192320757555404,51.1,7.670723564306037,50.71666666666667,4.945469307018971,53363.333333333336,5571.174053405021,51747.333333333336,4587.108791675496,66619.66666666667,5873.976875451022,62950.666666666664,6225.7219233328005,37.0,2.645751311064596,33.0,8.17312669668102,49.0,4.5825756949558425,54.5,8.642916174532763,17.333333333333332,3.2145502536643185,22.0,6.066300355241242,42.333333333333336,4.72581562625261,44.0,4.3358966777357635,29.666666666666668,12.423096769056148,25.333333333333332,9.831920802501752,7.0,0.9999999999999998,6.5,0.8366600265340753,4.333333333333333,0.5773502691896258,4.333333333333333,0.5163977794943221,5.0,0.0,4.5,0.8366600265340756,1.6666666666666667,0.5773502691896258,1.8333333333333333,0.408248290463863,10.333333333333334,0.5773502691896258,9.833333333333334,1.1690451944500124,3.0199999999999996,0.060827625302981574,3.091666666666667,0.1053407170407843,2.8666666666666667,0.08962886439832472,2.9516666666666667,0.19487602896884643,1.75,8.011472275334608,0.8524157827252593,0.7037037037037037,5.0,6,0.5714285714285714,0,-8.58,112.86000000000001,0,0.49999999999999994,-0.8660254037844387,9
2025-06-01,2533511.14,833179.2,725430.3,358586.06,343601.37,272714.22,1123095.28,412111.3,370342.51,357329.19,181998.84,88634.02,2269352.8,715670.27,28.25,264158.34,11,4,3,2,1,1,5,2,1,1,1,0,5,2,6,4,7,5,55.00000000000001,25.0,10.0,10.0,13,9,3,1,"{""Trainee Software Engineer"": 3, ""Senior Software Engineer"": 4, ""Software Engineer"": 1, ""Solutions Enabler"": 2, ""Associate Consultant"": 1, ""Solutions Consultant"": 0, ""Senior Associate Consultant"": 0, ""Consultant"": 1, ""Senior Consultant"": 0, ""Manager"": 0}",7,"{""Trainee Software Engineer"": 1, ""Senior Software Engineer"": 0, ""Software Engineer"": 1, ""Solutions Enabler"": 1, ""Associate Consultant"": 1, ""Solutions Consultant"": 1, ""Senior Associate Consultant"": 1, ""Consultant"": 0, ""Senior Consultant"": 0, ""Manager"": 0}",18,5,17,15.4,37,58,39,771.9,72.8,23.4,5.2,353.1,123.3,113.4,44.6,37.3,34.5,44.6,49188.0,46439.0,0,0,0,1,1,624,3.09,2.95,13.3,465,74.5,3.12,2.74,-0.38,22,1.9545454545454546,618.0,613.0,607.0,591.0,14.0,22.0,12.0,16.0,8.0,16.0,7.0,9.0,4.0,12.0,4.0,4.0,2526867.86,2694102.37,2569137.52,1976058.17,2103940.06,2266031.82,2259750.15,1614600.38,686371.06,747340.85,690666.73,500935.42,27.16,27.74,26.88,25.35,419.0,386.8,371.1,369.9,52.3,58.1,42.9,51.9,58503.0,47443.0,54144.0,48112.0,68632.0,71223.0,60004.0,64612.0,38.0,34.0,39.0,25.0,54.0,45.0,48.0,65.0,21.0,16.0,15.0,29.0,46.0,37.0,44.0,42.0,22.0,44.0,23.0,26.0,7.0,6.0,8.0,6.0,4.0,4.0,5.0,5.0,5.0,5.0,5.0,3.0,1.0,2.0,2.0,2.0,10.0,11.0,10.0,9.0,2.95,3.06,3.05,3.19,2.97,2.81,2.82,3.02,618.3333333333334,5.507570547286015,610.3333333333334,9.852241707686012,16.333333333333332,4.932882862316249,14.5,3.93700393700591,10.333333333333334,4.932882862316248,8.666666666666666,3.614784456460255,7.0,4.358898943540674,6.0,3.03315017762062,2584827.1233333335,94693.41551995918,2381798.7483333335,392106.0022583243,2213108.2266666666,94556.98645293663,2081498.21,321840.1219465277,716460.7266666667,30492.58007232957,643585.6416666666,121550.11342360688,27.71666666666667,0.5453744890745352,26.918333333333333,1.0286188150460205,386.3,32.95284509719906,375.98333333333335,28.156236727706833,51.666666666666664,6.772247288259138,49.5,5.466626016109026,50795.0,6694.172988502762,51468.5,4892.935754738658,63014.333333333336,12043.834120965523,60380.0,8255.895711550622,36.333333333333336,2.0816659994661393,35.0,7.238784428341543,52.333333333333336,6.658328118479393,53.333333333333336,7.312090444371344,18.0,2.64575131106459,20.0,5.2153619241621225,40.666666666666664,4.72581562625261,43.5,4.764451699828642,28.0,13.999999999999998,24.0,10.256705123966471,6.333333333333333,0.5773502691896253,6.5,0.8366600265340753,4.0,0.0,4.166666666666667,0.40824829046386324,5.0,0.0,4.833333333333333,0.40824829046386313,1.6666666666666667,0.5773502691896258,1.8333333333333333,0.408248290463863,10.666666666666666,0.5773502691896258,10.166666666666666,1.1690451944500124,3.0333333333333337,0.07371114795831944,3.0749999999999997,0.09396807968666748,2.91,0.0871779788708131,2.94,0.19204166214652488,1.8571428571428572,7.917040358744395,0.9441123851345856,0.6379310344827587,2.5,6,0.6666666666666666,0,-6.84,109.15,0,1.2246467991473532e-16,-1.0,10
2025-07-01,2388286.3,813451.55,693094.79,321519.03,291909.93,268311.0,1111350.06,352260.55,318297.98,349568.9,177355.67,79453.14,2039315.82,673996.44,28.22,348970.48,8,3,2,1,1,1,3,1,1,1,0,0,4,1,7,5,6,3,55.00000000000001,25.0,10.0,10.0,12,8,3,1,"{""Trainee Software Engineer"": 4, ""Senior Software Engineer"": 2, ""Software Engineer"": 2, ""Solutions Enabler"": 1, ""Associate Consultant"": 1, ""Solutions Consultant"": 0, ""Senior Associate Consultant"": 1, ""Consultant"": 0, ""Senior Consultant"": 0, ""Manager"": 1}",7,"{""Trainee Software Engineer"": 1, ""Senior Software Engineer"": 2, ""Software Engineer"": 0, ""Solutions Enabler"": 0, ""Associate Consultant"": 3, ""Solutions Consultant"": 0, ""Senior Associate Consultant"": 0, ""Consultant"": 0, ""Senior Consultant"": 0, ""Manager"": 0}",18,5,20,22.3,32,60,52,1147.2,72.3,23.0,5.1,400.0,133.8,117.8,51.6,52.8,43.9,49.9,72321.0,49973.0,0,0,0,1,0,629,3.12,3.12,14.1,378,60.1,3.16,2.84,-0.32,31,1.7096774193548387,624.0,618.0,613.0,598.0,13.0,14.0,22.0,15.0,7.0,8.0,16.0,7.0,5.0,4.0,12.0,5.0,2533511.14,2526867.86,2694102.37,1612844.97,2269352.8,2103940.06,2266031.82,1439940.0,715670.27,686371.06,747340.85,414390.21,28.25,27.16,27.74,25.69,353.1,419.0,386.8,339.4,44.6,52.3,58.1,49.4,46439.0,58503.0,47443.0,47874.0,49188.0,68632.0,71223.0,55779.0,37.0,38.0,34.0,21.0,58.0,54.0,45.0,65.0,17.0,21.0,16.0,29.0,39.0,46.0,37.0,50.0,18.0,22.0,44.0,15.0,6.0,7.0,6.0,6.0,4.0,4.0,4.0,4.0,5.0,5.0,5.0,4.0,2.0,1.0,2.0,2.0,11.0,10.0,11.0,8.0,3.09,2.95,3.06,3.24,2.95,2.97,2.81,3.3,623.6666666666666,5.507570547286015,615.5,10.212737145349507,13.0,1.0000000000000007,14.0,4.049691346263322,7.333333333333333,0.5773502691896291,8.666666666666666,3.614784456460255,4.666666666666667,0.5773502691896257,6.0,3.03315017762062,2482888.433333333,81995.1584894088,2511038.9699999997,124313.75689749634,2137536.2266666666,118641.39181963776,2181394.18,98196.24101465562,692012.59,21402.036638434434,686853.3466666667,46976.28199220816,27.876666666666665,0.6208327740489451,27.34,0.9390420650854877,390.7,33.92005306599617,386.0833333333333,22.760792311926835,48.93333333333334,3.9399661589071107,49.583333333333336,5.468607379092661,51638.333333333336,6202.017843680663,51818.333333333336,4653.727351990728,63380.333333333336,12428.552785152959,63137.0,9128.100087093699,35.666666666666664,3.214550253664321,36.833333333333336,3.311595788538611,57.333333333333336,3.0550504633038926,52.5,5.8566201857385325,19.333333333333332,2.0816659994661277,18.5,2.8809720581775955,45.666666666666664,6.506407098647713,43.833333333333336,5.344779384283948,19.333333333333332,2.3094010767584905,24.5,9.792854537876076,6.666666666666667,0.5773502691896253,6.666666666666667,0.8164965809277259,4.333333333333333,0.5773502691896258,4.333333333333333,0.5163977794943221,4.666666666666667,0.5773502691896258,4.833333333333333,0.40824829046386296,1.3333333333333333,0.5773502691896258,1.6666666666666667,0.5163977794943222,9.666666666666666,1.5275252316519465,10.166666666666666,1.1690451944500124,3.0533333333333332,0.09073771725877436,3.0549999999999997,0.05753259945456872,3.0133333333333336,0.09291573243177549,2.91,0.1279062156425562,1.7142857142857142,8.016032064128257,0.6909887861063868,0.5333333333333333,4.0,5,0.7142857142857143,0,-5.76,99.84,0,-0.4999999999999997,-0.8660254037844388,11
2025-08-01,2341265.13,802351.76,625360.49,361783.78,296266.05,255503.06,1068709.77,378898.57,334089.18,337900.9,148325.05,73341.65,2005069.53,669510.24,28.6,336195.6,8,3,2,1,1,1,4,1,1,1,0,0,4,2,7,6,6,5,55.00000000000001,25.0,10.0,10.0,14,10,3,1,"{""Trainee Software Engineer"": 4, ""Senior Software Engineer"": 4, ""Software Engineer"": 1, ""Solutions Enabler"": 2, ""Associate Consultant"": 1, ""Solutions Consultant"": 0, ""Senior Associate Consultant"": 1, ""Consultant"": 1, ""Senior Consultant"": 0, ""Manager"": 1}",7,"{""Trainee Software Engineer"": 2, ""Senior Software Engineer"": 1, ""Software Engineer"": 1, ""Solutions Enabler"": 0, ""Associate Consultant"": 0, ""Solutions Consultant"": 0, ""Senior Associate Consultant"": 0, ""Consultant"": 0, ""Senior Consultant"": 2, ""Manager"": 0}",21,5,23,23.7,42,69,55,1127.2,71.4,21.9,5.0,396.1,121.7,121.9,61.0,50.6,40.9,60.4,63089.0,50147.0,1,0,0,1,0,636,3.04,2.68,15.8,442,69.5,3.11,2.74,-0.38,32,2.0,629.0,624.0,618.0,602.0,12.0,13.0,14.0,11.0,7.0,7.0,8.0,7.0,5.0,5.0,4.0,6.0,2388286.3,2533511.14,2526867.86,2354328.63,2039315.82,2269352.8,2103940.06,2149974.43,673996.44,715670.27,686371.06,607074.73,28.22,28.25,27.16,25.79,400.0,353.1,419.0,386.5,49.9,44.6,52.3,49.7,49973.0,46439.0,58503.0,54408.0,72321.0,49188.0,68632.0,57454.0,32.0,37.0,38.0,41.0,60.0,58.0,54.0,50.0,20.0,17.0,21.0,22.0,52.0,39.0,46.0,45.0,18.0,18.0,22.0,22.0,7.0,6.0,7.0,6.0,5.0,4.0,4.0,4.0,4.0,5.0,5.0,5.0,1.0,2.0,1.0,2.0,8.0,11.0,10.0,11.0,3.12,3.09,2.95,3.06,3.12,2.95,2.97,2.79,629.6666666666666,6.027713773341657,621.1666666666666,10.64737839407747,13.0,1.0000000000000007,14.5,3.781534080237812,7.0,0.0,8.666666666666666,3.614784456460255,5.0,0.0,5.833333333333333,3.0605010483034745,2421020.856666667,100216.24364519332,2508861.72,127676.25805129479,2104579.3833333333,143721.644941519,2157243.3633333333,122324.25645030517,686392.3166666667,25454.477231945293,697259.265,29394.939028688932,28.35666666666667,0.21126602503314657,27.808333333333334,0.6749938271322844,383.06666666666666,26.02505203324922,387.6833333333334,23.13036244131656,51.633333333333326,8.041351461870896,51.36666666666667,7.034676017178524,48853.0,2092.3948002229445,51108.166666666664,4502.151770727708,61532.666666666664,11644.76501838201,64076.166666666664,8706.60286028177,37.0,5.000000000000002,37.0,3.5777087639996643,62.333333333333336,5.859465277082314,55.666666666666664,8.687155268939698,20.0,2.9999999999999956,18.666666666666668,3.141125063837273,48.666666666666664,8.504900548115385,45.5,7.063993204979744,19.0,1.7320508075688772,24.333333333333332,9.852241707685957,6.666666666666667,0.5773502691896253,6.833333333333333,0.7527726527090811,5.0,1.0,4.666666666666667,0.8164965809277258,4.333333333333333,0.5773502691896258,4.666666666666667,0.5163977794943221,1.6666666666666667,0.5773502691896258,1.6666666666666667,0.5163977794943222,9.0,1.732050807568877,9.666666666666666,1.3662601021279466,3.0833333333333335,0.04041451884327353,3.0516666666666663,0.05776388721914844,2.9166666666666665,0.2218858565419013,2.891666666666667,0.15380723866797277,2.0,6.55794701986755,0.7948612277893136,0.6086956521739131,2.0,7,0.8571428571428571,0,-7.98,112.56,0,-0.8660254037844385,-0.5000000000000004,12
2025-09-01,2564380.54,959780.02,703774.45,334357.33,301637.27,264831.47,1195750.92,388397.03,395787.21,340490.73,160410.74,83543.92,2045509.99,732339.81,28.56,518870.55,9,3,3,1,1,1,4,1,1,1,1,0,5,2,9,8,6,5,55.00000000000001,25.0,10.0,10.0,20,7,10,3,"{""Trainee Software Engineer"": 9, ""Senior Software Engineer"": 3, ""Software Engineer"": 1, ""Solutions Enabler"": 1, ""Associate Consultant"": 2, ""Solutions Consultant"": 2, ""Senior Associate Consultant"": 0, ""Consultant"": 0, ""Senior Consultant"": 0, ""Manager"": 1}",8,"{""Trainee Software Engineer"": 2, ""Senior Software Engineer"": 2, ""Software Engineer"": 1, ""Solutions Enabler"": 1, ""Associate Consultant"": 1, ""Solutions Consultant"": 1, ""Senior Associate Consultant"": 0, ""Consultant"": 1, ""Senior Consultant"": 0, ""Manager"": 0}",18,6,24,18.3,35,60,45,1213.7,72.2,23.6,5.5,389.6,131.1,120.0,48.1,50.1,40.4,64.3,67905.0,51825.0,0,0,0,1,1,648,3.0,3.01,11.1,460,71.0,3.14,2.7,-0.44,31,2.2903225806451615,636.0,629.0,624.0,607.0,14.0,12.0,13.0,12.0,7.0,7.0,7.0,7.0,5.0,5.0,5.0,4.0,2341265.13,2388286.3,2533511.14,2569137.52,2005069.53,2039315.82,2269352.8,2259750.15,669510.24,673996.44,715670.27,690666.73,28.6,28.22,28.25,26.88,396.1,400.0,353.1,371.1,60.4,49.9,44.6,42.9,50147.0,49973.0,46439.0,54144.0,63089.0,72321.0,49188.0,60004.0,42.0,32.0,37.0,39.0,69.0,60.0,58.0,48.0,23.0,20.0,17.0,15.0,55.0,52.0,39.0,44.0,21.0,18.0,18.0,23.0,7.0,7.0,6.0,8.0,6.0,5.0,4.0,5.0,4.0,4.0,5.0,5.0,2.0,1.0,2.0,2.0,8.0,8.0,11.0,10.0,3.04,3.12,3.09,3.05,2.68,3.12,2.95,2.82,637.6666666666666,9.60902353693304,628.0,12.696456198483084,15.333333333333334,4.163331998932268,15.833333333333334,4.119061381755155,7.333333333333333,0.5773502691896258,8.833333333333334,3.5449494589721113,5.333333333333333,0.5773502691896258,6.166666666666667,2.9268868558020253,2431310.6566666663,117615.65794911285,2508068.89,127241.1334294088,2029965.1133333333,21781.51711032076,2121536.67,117595.08177769731,691948.83,35051.46140505827,704204.7783333333,32304.96676825849,28.459999999999997,0.20880613017814392,28.088333333333335,0.5497059820182874,395.23333333333335,5.253887449625335,390.76666666666665,21.664225503503875,58.199999999999996,7.447818472546156,54.93333333333334,7.3033325726456315,50648.333333333336,1022.7303326553614,50721.666666666664,4283.646235004314,67771.66666666667,4617.444026009778,65393.0,8563.851820296755,36.333333333333336,5.131601439446886,36.333333333333336,3.502380143083652,63.0,5.196152422706629,57.666666666666664,7.916228058025286,22.333333333333332,2.081665999466119,20.166666666666668,3.1885210782848366,50.666666666666664,5.1316014394468885,45.666666666666664,7.033254343948231,19.0,1.7320508075688772,23.5,10.193134944657608,7.666666666666667,1.1547005383792515,7.0,1.0954451150103324,6.333333333333333,1.5275252316519468,5.166666666666667,1.6020819787597218,4.333333333333333,0.5773502691896258,4.666666666666667,0.5163977794943221,1.6666666666666667,0.5773502691896258,1.6666666666666667,0.5163977794943222,8.333333333333334,0.5773502691896255,9.5,1.3784048752090226,3.0533333333333332,0.06110100926607756,3.0433333333333334,0.06153589738247493,2.936666666666667,0.22898325994127436,2.9233333333333333,0.15564917817536564,2.5,6.0590979782270615,0.7631985862602165,0.5833333333333334,2.5,12,0.8888888888888888,0,-7.92,105.35,0,-1.0,-1.8369701987210297e-16,13
2025-10-01,2730851.04,948754.16,834263.11,381750.57,317255.9,248827.3,1204960.56,403763.41,460659.38,393476.67,184960.14,83030.89,2402665.98,791885.77,29.0,328185.06,8,3,2,1,1,1,4,1,1,1,1,0,4,2,6,4,6,5,55.00000000000001,25.0,10.0,10.0,27,9,14,4,"{""Trainee Software Engineer"": 7, ""Senior Software Engineer"": 5, ""Software Engineer"": 4, ""Solutions Enabler"": 5, ""Associate Consultant"": 0, ""Solutions Consultant"": 1, ""Senior Associate Consultant"": 1, ""Consultant"": 0, ""Senior Consultant"": 0, ""Manager"": 3}",16,"{""Trainee Software Engineer"": 5, ""Senior Software Engineer"": 4, ""Software Engineer"": 2, ""Solutions Enabler"": 1, ""Associate Consultant"": 1, ""Solutions Consultant"": 1, ""Senior Associate Consultant"": 0, ""Consultant"": 0, ""Senior Consultant"": 0, ""Manager"": 0}",50,12,22,21.2,36,54,51,1172.2,72.8,22.5,4.9,377.3,135.3,105.5,54.4,42.7,39.4,73.2,63595.0,54166.0,0,0,0,1,0,659,3.11,2.9,14.8,421,63.9,3.09,2.75,-0.34,23,2.0,648.0,636.0,629.0,613.0,20.0,14.0,12.0,22.0,8.0,7.0,7.0,16.0,6.0,5.0,5.0,12.0,2564380.54,2341265.13,2388286.3,2694102.37,2045509.99,2005069.53,2039315.82,2266031.82,732339.81,669510.24,673996.44,747340.85,28.56,28.6,28.22,27.74,389.6,396.1,400.0,386.8,64.3,60.4,49.9,58.1,51825.0,50147.0,49973.0,47443.0,67905.0,63089.0,72321.0,71223.0,35.0,42.0,32.0,34.0,60.0,69.0,60.0,45.0,24.0,23.0,20.0,16.0,45.0,55.0,52.0,37.0,18.0,21.0,18.0,44.0,9.0,7.0,7.0,6.0,8.0,6.0,5.0,4.0,5.0,4.0,4.0,5.0,2.0,2.0,1.0,2.0,9.0,8.0,8.0,11.0,3.0,3.04,3.12,3.06,3.01,2.68,3.12,2.81,647.6666666666666,11.503622617824949,635.6666666666666,15.422926656982598,20.333333333333332,6.506407098647716,16.666666666666668,5.785038173311104,10.333333333333334,4.932882862316247,8.833333333333334,3.5449494589721113,7.666666666666667,3.785938897200183,6.166666666666667,2.9268868558020253,2545498.903333334,195478.08693058495,2514193.6683333335,138383.44077375758,2151081.8333333335,218814.52155135619,2144309.03,157598.46101993037,731245.2733333334,61195.10677808503,711628.9316666666,46291.64437349061,28.72,0.24331050121186817,28.298333333333332,0.6254731542334093,387.6666666666667,9.547949168974943,389.18333333333334,22.348460051347338,65.96666666666665,6.560741827974411,57.449999999999996,10.510328253675048,52046.0,2018.5938174878104,51842.166666666664,4131.072036005499,64863.0,2646.5698554922187,64121.666666666664,8077.67247829885,37.666666666666664,3.7859388972001833,36.666666666666664,3.32665998663324,61.0,7.549834435270748,59.166666666666664,5.528712930390475,23.0,0.9999999999999649,21.166666666666668,2.4832774042918935,50.333333333333336,5.033222956847171,48.0,5.7965506984757695,29.666666666666668,17.672954855748753,24.5,12.613484847574838,7.333333333333333,1.5275252316519465,7.0,1.0954451150103324,6.0,2.0,5.166666666666667,1.6020819787597218,4.333333333333333,0.5773502691896258,4.5,0.5477225575051659,2.0,0.0,1.6666666666666667,0.5163977794943222,8.333333333333334,0.5773502691896255,9.0,1.2649110640673518,3.0500000000000003,0.05567764362829974,3.0516666666666663,0.06735478206234875,2.8633333333333333,0.1680277754817133,2.938333333333334,0.1466174159732285,1.6875,5.154371584699454,0.8517336268574573,0.6666666666666666,2.0,11,0.6666666666666666,0,-17.0,104.39999999999999,0,-0.8660254037844386,0.5000000000000001,14
2025-11-01,2639649.98,889624.73,753928.47,370164.46,346529.86,279402.47,1250356.52,386344.65,389259.64,391354.03,150000.05,72335.1,2279687.8,783361.71,29.68,359962.18,7,2,2,1,1,1,3,1,1,1,0,0,4,2,8,6,5,4,55.00000000000001,25.0,10.0,10.0,75,65,8,2,"{""Trainee Software Engineer"": 13, ""Senior Software Engineer"": 14, ""Software Engineer"": 17, ""Solutions Enabler"": 14, ""Associate Consultant"": 5, ""Solutions Consultant"": 6, ""Senior Associate Consultant"": 2, ""Consultant"": 1, ""Senior Consultant"": 2, ""Manager"": 1}",8,"{""Trainee Software Engineer"": 2, ""Senior Software Engineer"": 1, ""Software Engineer"": 0, ""Solutions Enabler"": 1, ""Associate Consultant"": 1, ""Solutions Consultant"": 0, ""Senior Associate Consultant"": 2, ""Consultant"": 0, ""Senior Consultant"": 0, ""Manager"": 0}",26,5,24,21.6,28,70,51,1091.9,72.2,24.3,5.4,458.8,157.6,128.2,63.5,62.2,47.4,86.0,66049.0,57395.0,0,0,0,1,0,726,3.27,3.08,10.1,430,59.2,3.02,2.65,-0.37,23,1.9565217391304348,659.0,648.0,636.0,618.0,27.0,20.0,14.0,14.0,16.0,8.0,7.0,8.0,12.0,6.0,5.0,4.0,2730851.04,2564380.54,2341265.13,2526867.86,2402665.98,2045509.99,2005069.53,2103940.06,791885.77,732339.81,669510.24,686371.06,29.0,28.56,28.6,27.16,377.3,389.6,396.1,419.0,73.2,64.3,60.4,52.3,54166.0,51825.0,50147.0,58503.0,63595.0,67905.0,63089.0,68632.0,36.0,35.0,42.0,38.0,54.0,60.0,69.0,54.0,22.0,24.0,23.0,21.0,51.0,45.0,55.0,46.0,50.0,18.0,21.0,22.0,6.0,9.0,7.0,7.0,4.0,8.0,6.0,4.0,4.0,5.0,4.0,5.0,2.0,2.0,2.0,1.0,8.0,9.0,8.0,10.0,3.11,3.0,3.04,2.95,2.9,3.01,2.68,2.97,677.6666666666666,42.21768981521058,653.6666666666666,37.665191711534696,40.666666666666664,29.938826518975876,26.833333333333332,24.260392961917717,10.666666666666666,4.618802153517006,8.833333333333334,3.5449494589721113,7.666666666666667,3.785938897200183,6.333333333333333,2.8047578623950167,2644960.52,83362.21097644577,2532990.688333333,147789.4222461394,2242621.256666667,181440.20164845337,2173600.3200000003,164764.2280277608,769195.7633333333,32201.488658174276,727794.04,52257.72428211457,29.08,0.564269439186608,28.718333333333334,0.5497059820182881,408.56666666666666,43.93590027908081,395.81666666666666,35.18723726959346,74.5,10.908253755757594,63.06666666666666,15.176516947793608,54462.0,2796.7726042708605,51657.5,3783.951043552222,65849.66666666667,2161.9031739033576,63691.166666666664,7854.979170352183,33.0,4.358898943540674,35.0,4.732863826479693,61.333333333333336,8.082903768654758,61.833333333333336,6.337717780610533,23.333333333333332,1.1547005383792188,21.666666666666668,2.732520204255895,49.0,3.464101615137762,48.833333333333336,5.8109092805400575,31.333333333333332,16.653327995729065,25.166666666666668,12.560520159080463,7.666666666666667,1.5275252316519463,7.166666666666667,1.1690451944500124,6.0,2.0,5.5,1.5165750888103096,4.333333333333333,0.5773502691896258,4.333333333333333,0.5163977794943221,2.0,0.0,1.8333333333333333,0.408248290463863,8.0,0.9999999999999998,8.5,1.3784048752090226,3.1266666666666665,0.13576941236277532,3.1050000000000004,0.09268225288586764,2.9966666666666666,0.09073771725877565,2.956666666666667,0.15781846110853676,9.375,5.334883720930232,0.8689760632257869,0.4,2.0,67,0.75,0,-9.62,86.24000000000001,0,-0.5000000000000004,0.8660254037844384,15
2025-12-01,1972377.25,682871.72,579309.04,273754.19,234552.4,201889.9,896540.79,315447.56,278260.66,297601.76,118873.88,65652.59,1551643.7,584112.75,29.61,420733.55,7,2,2,1,1,1,3,1,1,1,0,0,3,2,7,5,5,3,55.00000000000001,25.0,10.0,10.0,62,54,6,2,"{""Trainee Software Engineer"": 11, ""Senior Software Engineer"": 12, ""Software Engineer"": 5, ""Solutions Enabler"": 7, ""Associate Consultant"": 7, ""Solutions Consultant"": 16, ""Senior Associate Consultant"": 2, ""Consultant"": 1, ""Senior Consultant"": 1, ""Manager"": 1}",7,"{""Trainee Software Engineer"": 1, ""Senior Software Engineer"": 1, ""Software Engineer"": 1, ""Solutions Enabler"": 1, ""Associate Consultant"": 1, ""Solutions Consultant"": 0, ""Senior Associate Consultant"": 1, ""Consultant"": 1, ""Senior Consultant"": 0, ""Manager"": 1}",20,5,34,24.4,25,92,56,1396.9,72.6,22.8,4.7,448.1,142.0,138.1,60.7,58.1,49.1,77.4,67191.0,57253.0,2,1,0,1,1,781,3.15,2.93,8.9,459,58.8,2.96,2.56,-0.4,24,2.0,726.0,659.0,648.0,624.0,75.0,27.0,20.0,13.0,8.0,16.0,8.0,7.0,5.0,12.0,6.0,5.0,2639649.98,2730851.04,2564380.54,2533511.14,2279687.8,2402665.98,2045509.99,2269352.8,783361.71,791885.77,732339.81,715670.27,29.68,29.0,28.56,28.25,458.8,377.3,389.6,353.1,86.0,73.2,64.3,44.6,57395.0,54166.0,51825.0,46439.0,66049.0,63595.0,67905.0,49188.0,28.0,36.0,35.0,37.0,70.0,54.0,60.0,58.0,24.0,22.0,24.0,17.0,51.0,51.0,45.0,39.0,26.0,50.0,18.0,18.0,8.0,6.0,9.0,6.0,6.0,4.0,8.0,4.0,4.0,4.0,5.0,5.0,2.0,2.0,2.0,2.0,7.0,8.0,9.0,11.0,3.27,3.11,3.0,3.09,3.08,2.9,3.01,2.95,722.0,61.098281481560534,679.8333333333334,60.52905638341518,54.666666666666664,24.8260615751539,35.0,26.788057040405146,10.333333333333334,4.932882862316247,8.833333333333334,3.5449494589721113,7.333333333333333,4.041451884327381,6.333333333333333,2.8047578623950167,2447626.09,414096.0073187017,2439468.373333333,272403.077292261,2077999.1600000001,459965.71708431345,2053982.1366666667,292419.799336431,719786.7433333333,117574.3987863894,705867.7866666667,79078.58435929877,29.429999999999996,0.374032084185255,28.945000000000004,0.5963807508630903,428.06666666666666,44.28953977332953,411.65000000000003,33.452578375963775,78.86666666666667,6.524824390995742,68.53333333333335,12.936408569099331,56271.333333333336,1824.6540311339415,53459.833333333336,3351.950859822766,65611.66666666667,1837.4573010912156,66691.66666666667,3358.3471331395663,29.666666666666668,5.686240703077327,33.0,6.06630035524124,72.0,19.078784028338912,67.5,13.442470011125202,26.666666666666668,6.429100507328627,24.5,4.888762624632125,52.666666666666664,2.88675134594813,51.666666666666664,3.8815804341358757,32.0,15.874507866387546,25.5,12.35718414526546,7.0,0.9999999999999996,7.333333333333333,1.0327955589886448,5.0,1.0000000000000004,5.666666666666667,1.366260102127946,3.6666666666666665,0.5773502691896257,4.0,0.6324555320336763,2.0,0.0,1.8333333333333333,0.408248290463863,7.333333333333333,0.5773502691896253,7.833333333333333,0.7527726527090814,3.1766666666666663,0.08326663997864549,3.115,0.09396807968666766,2.97,0.09643650760993001,2.953333333333333,0.15819818793736773,8.857142857142858,5.789405684754522,0.8520932863032251,0.2717391304347826,1.5,55,0.7142857142857143,0,-8.0,73.25,34,-2.4492935982947064e-16,1.0,16
2026-01-01,2347096.36,786157.4,713331.62,308192.65,300480.08,238934.61,1020004.96,378300.65,356862.9,352198.71,161175.37,78553.77,1914888.55,705941.71,30.08,432207.81,7,2,2,1,1,1,3,1,1,1,0,0,3,2,7,5,4,5,55.00000000000001,25.0,10.0,10.0,50,40,8,2,"{""Trainee Software Engineer"": 18, ""Senior Software Engineer"": 10, ""Software Engineer"": 13, ""Solutions Enabler"": 3, ""Associate Consultant"": 1, ""Solutions Consultant"": 2, ""Senior Associate Consultant"": 1, ""Consultant"": 1, ""Senior Consultant"": 0, ""Manager"": 0}",8,"{""Trainee Software Engineer"": 1, ""Senior Software Engineer"": 1, ""Software Engineer"": 1, ""Solutions Enabler"": 1, ""Associate Consultant"": 1, ""Solutions Consultant"": 2, ""Senior Associate Consultant"": 0, ""Consultant"": 0, ""Senior Consultant"": 0, ""Manager"": 0}",17,6,33,20.8,35,89,65,1130.2,72.4,22.4,4.9,501.6,164.7,145.0,76.7,66.7,48.5,70.0,92240.0,63481.0,1,1,0,1,0,823,3.06,2.99,14.2,594,72.2,2.96,2.62,-0.35,32,1.75,781.0,726.0,659.0,629.0,62.0,75.0,27.0,12.0,7.0,8.0,16.0,7.0,5.0,5.0,12.0,5.0,1972377.25,2639649.98,2730851.04,2388286.3,1551643.7,2279687.8,2402665.98,2039315.82,584112.75,783361.71,791885.77,673996.44,29.61,29.68,29.0,28.22,448.1,458.8,377.3,400.0,77.4,86.0,73.2,49.9,57253.0,57395.0,54166.0,49973.0,67191.0,66049.0,63595.0,72321.0,25.0,28.0,36.0,32.0,92.0,70.0,54.0,60.0,34.0,24.0,22.0,20.0,56.0,51.0,51.0,52.0,20.0,26.0,50.0,18.0,7.0,8.0,6.0,7.0,5.0,6.0,4.0,5.0,3.0,4.0,4.0,4.0,2.0,2.0,2.0,1.0,7.0,7.0,8.0,8.0,3.15,3.27,3.11,3.12,2.93,3.08,2.9,3.12,776.6666666666666,48.64497233356534,712.1666666666666,77.40650274147927,62.333333333333336,12.503332889007352,41.333333333333336,24.671170759951107,7.666666666666667,0.5773502691896255,9.0,3.464101615137754,5.333333333333333,0.5773502691896258,6.5,2.73861278752583,2319707.8633333333,334478.4318347871,2432603.3833333333,274462.16434394807,1915406.6833333333,364022.32655815984,2033244.2583333335,298026.2614738556,691138.7233333333,100445.92239588684,711191.9983333334,77564.49170649829,29.790000000000003,0.2535744466620451,29.255,0.626793426895993,469.5,28.30953902839135,428.5833333333333,48.642015446182555,77.80000000000001,8.00749648766702,71.88333333333333,9.212690522679388,59376.333333333336,3555.4545888442076,55711.166666666664,4775.618008872414,75160.0,14802.730862918506,70011.5,11057.058012871245,29.333333333333332,5.131601439446886,33.5,6.0909769331364245,83.66666666666667,11.930353445448851,72.33333333333333,15.292699783447894,30.333333333333332,5.507570547286085,26.666666666666668,5.354126134736333,57.333333333333336,7.094598884597588,53.833333333333336,6.705718952257571,21.0,4.582575694955846,25.333333333333332,12.484657250668386,7.333333333333333,0.577350269189625,7.333333333333333,1.0327955589886448,5.333333333333333,0.5773502691896265,5.666666666666667,1.366260102127946,3.3333333333333335,0.5773502691896257,3.8333333333333335,0.7527726527090816,2.0,0.0,2.0,0.0,7.0,0.0,7.666666666666667,0.8164965809277264,3.16,0.10535653752852739,3.105,0.09648834126463116,3.0,0.07549834435270872,2.9316666666666666,0.1384798420950382,6.25,7.165714285714286,0.6882155247181266,0.39325842696629215,1.5,42,0.7142857142857143,0,-5.949999999999999,104.65,33,0.49999999999999994,0.8660254037844387,17
2026-02-01,3602934.01,1233754.64,1141314.17,444410.19,429699.06,353755.95,1648054.33,552504.06,564639.36,489137.93,232596.07,116002.27,3148645.52,1080627.41,29.99,454288.49,9,3,3,1,1,1,4,1,2,1,1,0,5,2,7,5,7,5,55.00000000000001,25.0,10.0,10.0,14,5,7,2,"{""Trainee Software Engineer"": 2, ""Senior Software Engineer"": 2, ""Software Engineer"": 4, ""Solutions Enabler"": 1, ""Associate Consultant"": 0, ""Solutions Consultant"": 2, ""Senior Associate Consultant"": 1, ""Consultant"": 1, ""Senior Consultant"": 0, ""Manager"": 0}",8,"{""Trainee Software Engineer"": 2, ""Senior Software Engineer"": 1, ""Software Engineer"": 1, ""Solutions Enabler"": 1, ""Associate Consultant"": 1, ""Solutions Consultant"": 1, ""Senior Associate Consultant"": 0, ""Consultant"": 0, ""Senior Consultant"": 0, ""Manager"": 0}",21,5,22,13.4,49,73,62,1085.8,71.9,23.8,4.9,537.6,187.7,159.4,69.7,61.9,58.8,57.2,90405.0,73829.0,0,0,1,1,0,830,2.98,2.74,18.0,541,65.2,3.0,2.59,-0.4,32,2.0,823.0,781.0,726.0,636.0,50.0,62.0,75.0,14.0,8.0,7.0,8.0,7.0,6.0,5.0,5.0,5.0,2347096.36,1972377.25,2639649.98,2341265.13,1914888.55,1551643.7,2279687.8,2005069.53,705941.71,584112.75,783361.71,669510.24,30.08,29.61,29.68,28.6,501.6,448.1,458.8,396.1,70.0,77.4,86.0,60.4,63481.0,57253.0,57395.0,50147.0,92240.0,67191.0,66049.0,63089.0,35.0,25.0,28.0,42.0,89.0,92.0,70.0,69.0,33.0,34.0,24.0,23.0,65.0,56.0,51.0,55.0,17.0,20.0,26.0,21.0,7.0,7.0,8.0,7.0,5.0,5.0,6.0,6.0,3.0,3.0,4.0,4.0,2.0,2.0,2.0,2.0,7.0,7.0,7.0,8.0,3.06,3.15,3.27,3.04,2.99,2.93,3.08,2.68,811.3333333333334,26.501572280401373,744.5,79.71135427277571,42.0,24.979991993593583,41.333333333333336,24.671170759951107,7.666666666666667,0.5773502691896255,9.166666666666666,3.371448748930742,5.333333333333333,0.5773502691896258,6.5,2.73861278752583,2640802.5399999996,854035.3195407488,2642881.53,542711.176166554,2205059.2566666664,837109.8987148597,2223840.256666667,542118.6981404106,790227.29,258765.81332486944,779711.5266666667,165322.02013395762,29.89333333333333,0.24946609656082383,29.486666666666668,0.592204919488761,495.7666666666667,45.03424622810237,452.1666666666667,62.1653494051683,68.2,10.219589032832944,71.35000000000001,10.063746817165063,64854.333333333336,8372.901368900348,59658.166666666664,7973.151407484146,83278.66666666667,13962.505875856717,74564.16666666667,13075.976849423792,36.333333333333336,12.055427546683415,34.666666666666664,8.310635755865292,84.66666666666667,10.214368964029704,73.0,15.20526224699859,29.666666666666668,6.658328118479379,26.5,5.504543577809151,61.0,4.582575694955838,55.0,7.5099933422074105,19.333333333333332,2.081665999466147,25.333333333333332,12.484657250668386,7.0,0.0,7.333333333333333,1.0327955589886448,5.0,0.0,5.5,1.3784048752090217,3.6666666666666665,1.1547005383792517,4.0,0.8944271909999162,2.0,0.0,2.0,0.0,7.666666666666667,1.1547005383792515,7.833333333333333,0.9831920802501753,3.063333333333333,0.0850490054811533,3.095,0.10709808588392192,2.8866666666666667,0.1305118130030115,2.941666666666667,0.11720352668186529,1.75,9.398601398601398,0.8166473093302361,0.6712328767123288,2.5,6,0.7142857142857143,9,-8.4,134.26000000000002,0,0.8660254037844386,0.5000000000000001,18
2026-03-01,3722166.36,1139677.07,1112388.01,562584.13,488467.42,419049.72,1689509.07,568833.7,560242.82,576487.99,219030.6,108062.18,3236699.11,1109884.48,29.82,485467.25,11,4,3,1,1,1,5,2,2,1,1,0,5,2,7,5,8,7,55.00000000000001,25.0,10.0,10.0,14,5,7,2,"{""Trainee Software Engineer"": 4, ""Senior Software Engineer"": 2, ""Software Engineer"": 1, ""Solutions Enabler"": 0, ""Associate Consultant"": 4, ""Solutions Consultant"": 1, ""Senior Associate Consultant"": 0, ""Consultant"": 1, ""Senior Consultant"": 1, ""Manager"": 1}",8,"{""Trainee Software Engineer"": 2, ""Senior Software Engineer"": 2, ""Software Engineer"": 1, ""Solutions Enabler"": 1, ""Associate Consultant"": 1, ""Solutions Consultant"": 0, ""Senior Associate Consultant"": 0, ""Consultant"": 1, ""Senior Consultant"": 0, ""Manager"": 0}",27,4,29,16.6,62,44,71,1671.9,70.8,23.3,4.8,578.6,188.7,184.8,77.0,70.9,57.2,74.4,94427.0,86131.0,0,0,1,1,1,836,2.96,2.47,24.9,475,56.8,3.01,2.57,-0.44,32,2.25,830.0,823.0,781.0,648.0,14.0,50.0,62.0,20.0,8.0,8.0,7.0,8.0,5.0,6.0,5.0,6.0,3602934.01,2347096.36,1972377.25,2564380.54,3148645.52,1914888.55,1551643.7,2045509.99,1080627.41,705941.71,584112.75,732339.81,29.99,30.08,29.61,28.56,537.6,501.6,448.1,389.6,57.2,70.0,77.4,64.3,73829.0,63481.0,57253.0,51825.0,90405.0,92240.0,67191.0,67905.0,49.0,35.0,25.0,35.0,73.0,89.0,92.0,60.0,22.0,33.0,34.0,24.0,62.0,65.0,56.0,45.0,21.0,17.0,20.0,18.0,7.0,7.0,7.0,9.0,5.0,5.0,5.0,8.0,5.0,3.0,3.0,5.0,2.0,2.0,2.0,2.0,9.0,7.0,7.0,9.0,2.98,3.06,3.15,3.0,2.74,2.99,2.93,3.01,829.6666666666666,6.506407098648057,775.8333333333334,70.62412241342618,26.0,20.784609690826517,40.333333333333336,25.804392390960622,8.0,0.0,9.166666666666666,3.371448748930742,5.0,1.0,6.166666666666667,2.9268868558020253,3224065.5766666667,761813.8509881148,2835845.8333333335,693968.170502374,2766744.393333333,739041.3669368115,2422371.776666667,667391.3695175439,965484.5333333332,225246.2028406354,842635.6383333333,209604.52681396806,29.963333333333335,0.13203534880210321,29.69666666666667,0.38505410875186163,539.2666666666668,38.52704677669133,483.6666666666667,71.33015257705996,67.2,8.935323161475434,73.03333333333333,9.476215841076364,74480.33333333333,11339.038818759434,65375.833333333336,12338.215825907173,92357.33333333333,2013.5655771127274,78984.5,14750.304535839268,48.666666666666664,13.503086067019394,39.166666666666664,13.934369977385655,68.66666666666667,22.810816147900834,70.33333333333333,18.89620773241729,28.0,5.567764362830008,27.333333333333332,5.428320796219271,66.0,4.582575694955838,59.333333333333336,8.066391179868855,21.666666666666668,5.033222956847172,26.833333333333332,11.9568669251885,7.0,0.0,7.0,0.6324555320336764,5.0,0.0,5.0,0.6324555320336748,4.333333333333333,1.1547005383792517,4.0,0.8944271909999162,2.0,0.0,2.0,0.0,9.0,1.9999999999999998,8.166666666666666,1.6020819787597225,3.0,0.0529150262212905,3.0883333333333334,0.11513759884011214,2.733333333333334,0.26006409466385855,2.8516666666666666,0.21812076165891833,1.75,7.776881720430107,0.912143772437968,1.4090909090909092,2.5,6,0.7142857142857143,11,-11.88,153.14000000000001,0,1.0,6.123233995736766e-17,19
2026-04-01,3837906.72,1304508.15,1156774.69,495383.23,496474.14,384766.51,1769199.92,579403.52,571539.15,545738.92,246015.72,126009.5,3282311.63,1159853.12,30.22,555595.09,11,4,3,2,2,1,5,2,2,2,1,0,4,2,7,5,7,6,55.00000000000001,25.0,10.0,10.0,27,10,14,3,"{""Trainee Software Engineer"": 9, ""Senior Software Engineer"": 4, ""Software Engineer"": 3, ""Solutions Enabler"": 6, ""Associate Consultant"": 0, ""Solutions Consultant"": 0, ""Senior Associate Consultant"": 1, ""Consultant"": 0, ""Senior Consultant"": 3, ""Manager"": 1}",16,"{""Trainee Software Engineer"": 3, ""Senior Software Engineer"": 3, ""Software Engineer"": 1, ""Solutions Enabler"": 4, ""Associate Consultant"": 0, ""Solutions Consultant"": 1, ""Senior Associate Consultant"": 0, ""Consultant"": 0, ""Senior Consultant"": 3, ""Manager"": 0}",40,10,26,18.1,52,56,61,1350.4,72.0,23.0,4.9,528.9,181.2,156.8,75.5,62.8,52.6,68.3,77410.0,76101.0,2,0,0,1,0,847,2.87,2.68,20.1,587,69.3,3.06,2.72,-0.35,24,2.0,836.0,830.0,823.0,659.0,14.0,14.0,50.0,27.0,8.0,8.0,8.0,16.0,4.0,5.0,6.0,12.0,3722166.36,3602934.01,2347096.36,2730851.04,3236699.11,3148645.52,1914888.55,2402665.98,1109884.48,1080627.41,705941.71,791885.77,29.82,29.99,30.08,29.0,578.6,537.6,501.6,377.3,74.4,57.2,70.0,73.2,86131.0,73829.0,63481.0,54166.0,94427.0,90405.0,92240.0,63595.0,62.0,49.0,35.0,36.0,44.0,73.0,89.0,54.0,29.0,22.0,33.0,22.0,71.0,62.0,65.0,51.0,27.0,21.0,17.0,50.0,7.0,7.0,7.0,6.0,5.0,5.0,5.0,4.0,5.0,5.0,3.0,4.0,2.0,2.0,2.0,2.0,11.0,9.0,7.0,8.0,2.96,2.98,3.06,3.11,2.47,2.74,2.99,2.9,837.6666666666666,8.621678104251997,807.1666666666666,45.74458073549902,18.333333333333332,7.505553499465136,40.333333333333336,25.804392390960622,10.666666666666666,4.618802153517007,9.166666666666666,3.371448748930742,6.333333333333333,3.2145502536643185,5.833333333333333,2.1369760566432805,3721002.3633333333,117490.67953402645,3020355.1133333333,799599.7968828442,3222552.0866666664,67946.75078713673,2568979.385,753286.358370292,1116788.3366666667,40061.52404622807,903963.5300000001,242962.96345984848,30.01,0.20074859899874498,29.900000000000002,0.23740261161163392,548.3666666666667,26.541728152728925,508.9333333333334,49.68241808393236,66.63333333333334,8.720282870029655,72.21666666666667,9.668178042768277,78687.0,6546.017720721511,69031.66666666667,11578.738975668553,87414.0,8894.050427111373,81287.0,12819.443997303493,54.333333333333336,6.8068592855540455,41.833333333333336,14.716204220744789,57.666666666666664,14.571661996262936,70.66666666666667,18.565200420859107,25.666666666666668,3.5118845842842283,28.0,4.857983120596442,64.66666666666667,5.507570547286102,61.0,6.9570108523703835,29.333333333333332,9.712534856222314,25.166666666666668,8.183316361150085,7.0,0.0,7.166666666666667,0.40824829046386385,5.0,0.0,5.166666666666667,0.4082482904638613,4.666666666666667,0.5773502691896258,4.0,0.8944271909999162,2.0,0.0,2.0,0.0,10.333333333333334,1.1547005383792512,8.666666666666666,1.9663841605003505,2.936666666666667,0.058594652770821064,3.0483333333333333,0.14414113454065286,2.6300000000000003,0.1417744687875732,2.815,0.2266936258477507,1.6875,7.743777452415813,0.9830900400465056,0.9285714285714286,2.0,11,0.7142857142857143,0,-14.0,139.36,0,0.8660254037844387,-0.4999999999999998,20
2026-05-01,4120105.23,1385403.67,1230837.34,539953.03,517861.2,446049.98,1884128.92,597362.61,659939.21,610306.15,248049.66,120318.68,3555219.65,1228010.73,29.81,564885.58,8,3,3,1,1,1,4,1,1,1,0,0,6,2,8,6,8,5,55.00000000000001,25.0,10.0,10.0,17,6,9,2,"{""Trainee Software Engineer"": 4, ""Senior Software Engineer"": 6, ""Software Engineer"": 1, ""Solutions Enabler"": 1, ""Associate Consultant"": 0, ""Solutions Consultant"": 1, ""Senior Associate Consultant"": 1, ""Consultant"": 1, ""Senior Consultant"": 1, ""Manager"": 1}",8,"{""Trainee Software Engineer"": 3, ""Senior Software Engineer"": 2, ""Software Engineer"": 2, ""Solutions Enabler"": 0, ""Associate Consultant"": 1, ""Solutions Consultant"": 1, ""Senior Associate Consultant"": 1, ""Consultant"": 0, ""Senior Consultant"": 0, ""Manager"": 0}",23,4,27,14.5,62,56,69,1552.6,72.4,22.2,4.8,511.7,165.7,156.3,75.5,62.2,51.9,71.6,89462.0,77289.0,2,0,0,1,0,856,2.85,2.41,23.1,514,60.0,3.07,2.66,-0.42,16,2.5,847.0,836.0,830.0,726.0,27.0,14.0,14.0,75.0,16.0,8.0,8.0,8.0,10.0,4.0,5.0,5.0,3837906.72,3722166.36,3602934.01,2639649.98,3282311.63,3236699.11,3148645.52,2279687.8,1159853.12,1109884.48,1080627.41,783361.71,30.22,29.82,29.99,29.68,528.9,578.6,537.6,458.8,68.3,74.4,57.2,86.0,76101.0,86131.0,73829.0,57395.0,77410.0,94427.0,90405.0,66049.0,52.0,62.0,49.0,28.0,56.0,44.0,73.0,70.0,26.0,29.0,22.0,24.0,61.0,71.0,62.0,51.0,40.0,27.0,21.0,26.0,7.0,7.0,7.0,8.0,5.0,5.0,5.0,6.0,4.0,5.0,5.0,4.0,2.0,2.0,2.0,2.0,11.0,11.0,9.0,7.0,2.87,2.96,2.98,3.27,2.68,2.47,2.74,3.08,846.3333333333334,10.016652800878058,828.8333333333334,26.240553855941744,19.333333333333332,6.806859285554046,30.666666666666668,20.549128124245726,10.666666666666666,4.618802153517007,9.166666666666666,3.371448748930742,6.0,3.4641016151377544,5.666666666666667,2.2509257354845507,3893392.77,204689.67334155462,3267097.655,882725.5298481706,3358076.796666667,172247.2175696741,2781568.0266666664,831266.3044169738,1165916.11,59296.059064416455,978071.7000000001,265580.3726716237,29.95,0.23388031127044515,29.921666666666667,0.2184872231200056,539.7333333333333,34.740802140039285,517.75,43.288832278082786,71.43333333333332,3.053413390507869,69.81666666666666,6.974357796002915,79840.33333333333,5480.164352766564,72347.33333333333,10364.802471184188,87099.66666666667,8751.002018816664,85189.16666666667,10629.800325813621,58.666666666666664,5.773502691896257,47.5,14.869431730903509,52.0,6.928203230275527,68.33333333333333,19.520928939644932,27.333333333333332,1.5275252316518977,28.5,4.505552130427518,67.0,5.2915026221291805,64.0,5.513619500836009,30.0,8.888194417315592,24.666666666666668,8.213809510006103,7.333333333333333,0.5773502691896258,7.166666666666667,0.40824829046386296,5.333333333333333,0.5773502691896258,5.166666666666667,0.40824829046386296,5.0,1.0,4.333333333333333,1.2110601416389968,2.0,0.0,2.0,0.0,10.0,1.7320508075688772,8.833333333333334,1.8348478592697184,2.893333333333333,0.05859465277082037,2.9783333333333335,0.11373946837692968,2.52,0.1417744687875711,2.7033333333333336,0.23491842555803624,2.125,7.146648044692737,0.863931054525944,1.1071428571428572,3.0,9,0.75,0,-9.66,149.42000000000002,0,0.49999999999999994,-0.8660254037844387,21
2026-06-01,3948488.41,1351270.6,1244435.54,480272.09,494812.41,377697.77,1868511.21,609795.94,550602.29,560499.9,244990.19,114088.88,3365852.14,1179112.71,29.86,582636.27,8,3,2,1,1,1,4,1,1,1,0,0,4,2,7,4,6,5,55.00000000000001,25.0,10.0,10.0,14,5,7,2,"{""Trainee Software Engineer"": 5, ""Senior Software Engineer"": 2, ""Software Engineer"": 1, ""Solutions Enabler"": 3, ""Associate Consultant"": 1, ""Solutions Consultant"": 0, ""Senior Associate Consultant"": 1, ""Consultant"": 0, ""Senior Consultant"": 0, ""Manager"": 0}",8,"{""Trainee Software Engineer"": 1, ""Senior Software Engineer"": 2, ""Software Engineer"": 1, ""Solutions Enabler"": 1, ""Associate Consultant"": 1, ""Solutions Consultant"": 1, ""Senior Associate Consultant"": 0, ""Consultant"": 0, ""Senior Consultant"": 0, ""Manager"": 0}",21,5,26,18.1,52,67,65,1246.8,72.3,22.7,4.5,536.8,186.5,157.8,78.6,59.4,54.4,71.7,74037.0,73612.0,0,0,0,1,1,862,2.88,2.59,20.0,625,72.5,3.16,2.66,-0.5,8,3.0,856.0,847.0,836.0,781.0,17.0,27.0,14.0,62.0,8.0,16.0,8.0,7.0,4.0,10.0,4.0,5.0,4120105.23,3837906.72,3722166.36,1972377.25,3555219.65,3282311.63,3236699.11,1551643.7,1228010.73,1159853.12,1109884.48,584112.75,29.81,30.22,29.82,29.61,511.7,528.9,578.6,448.1,71.6,68.3,74.4,77.4,77289.0,76101.0,86131.0,57253.0,89462.0,77410.0,94427.0,67191.0,62.0,52.0,62.0,25.0,56.0,56.0,44.0,92.0,27.0,26.0,29.0,34.0,69.0,61.0,71.0,56.0,23.0,40.0,27.0,20.0,8.0,7.0,7.0,7.0,6.0,5.0,5.0,5.0,6.0,4.0,5.0,3.0,2.0,2.0,2.0,2.0,8.0,11.0,11.0,7.0,2.85,2.87,2.96,3.15,2.41,2.68,2.47,2.93,855.0,7.5498344352710545,842.3333333333334,15.240297459911135,19.333333333333332,6.806859285554046,22.666666666666668,14.306175822583299,10.666666666666666,4.618802153517007,9.333333333333334,3.2659863237109037,6.333333333333333,3.214550253664318,5.666666666666667,2.2509257354845507,3968833.453333333,142195.07851094086,3596449.515,637679.9123372196,3401127.8066666666,139831.95750315575,3083936.1,589089.7570718161,1188992.1866666668,35136.419775405215,1077238.3599999999,189142.45764786753,29.963333333333328,0.22368132093067902,29.963333333333335,0.1642761902001961,525.8,12.833939379629886,532.5333333333333,26.72120256774852,70.53333333333332,1.934769581457366,68.86666666666667,6.063552314169199,75667.33333333333,1876.4680475119583,75073.83333333333,7297.99041974335,80303.0,8109.238126975925,86330.16666666667,8456.817449056556,55.333333333333336,5.773502691896257,52.0,9.97997995989973,59.666666666666664,6.350852961085884,64.16666666666667,15.765997166898986,26.333333333333332,0.5773502691895096,27.166666666666668,3.6560452221856625,65.0,3.9999999999999987,65.5,3.8858718455449632,28.0,10.440306508910554,24.833333333333332,8.109665015687558,7.333333333333333,0.5773502691896258,7.166666666666667,0.40824829046386296,5.0,1.0,5.0,0.6324555320336759,4.666666666666667,1.1547005383792517,4.5,1.0488088481701516,2.0,0.0,2.0,0.0,9.0,1.7320508075688772,9.0,1.6733200530681516,2.866666666666667,0.015275252316507101,2.9333333333333336,0.08091147425839318,2.56,0.13747727084866865,2.646666666666667,0.20886997550310238,1.75,7.4867503486750335,0.9942596269432851,0.7761194029850746,2.0,6,0.5714285714285714,0,-10.5,134.68,0,1.2246467991473532e-16,-1.0,22
2026-07-01,3577552.45,1245048.57,1050916.98,437768.11,479248.28,364570.51,1637593.56,492605.29,582986.55,541453.92,212615.82,110297.31,3042983.38,1052870.46,29.43,534569.07,8,3,2,1,1,1,4,1,1,1,0,0,3,2,8,5,5,5,55.00000000000001,25.0,10.0,10.0,13,4,7,2,"{""Trainee Software Engineer"": 3, ""Senior Software Engineer"": 2, ""Software Engineer"": 1, ""Solutions Enabler"": 1, ""Associate Consultant"": 2, ""Solutions Consultant"": 1, ""Senior Associate Consultant"": 1, ""Consultant"": 1, ""Senior Consultant"": 0, ""Manager"": 0}",8,"{""Trainee Software Engineer"": 2, ""Senior Software Engineer"": 1, ""Software Engineer"": 0, ""Solutions Enabler"": 1, ""Associate Consultant"": 2, ""Solutions Consultant"": 1, ""Senior Associate Consultant"": 1, ""Consultant"": 0, ""Senior Consultant"": 0, ""Manager"": 0}",26,5,31,22.4,46,79,69,1514.8,72.3,23.6,5.0,528.2,182.9,144.6,73.5,68.0,59.3,77.7,82925.0,68183.0,0,0,0,1,0,868,2.94,2.68,19.6,531,61.2,3.16,2.66,-0.5,0,0.0,862.0,856.0,847.0,823.0,14.0,17.0,27.0,50.0,8.0,8.0,16.0,8.0,5.0,4.0,10.0,6.0,3948488.41,4120105.23,3837906.72,2347096.36,3365852.14,3555219.65,3282311.63,1914888.55,1179112.71,1228010.73,1159853.12,705941.71,29.86,29.81,30.22,30.08,536.8,511.7,528.9,501.6,71.7,71.6,68.3,70.0,73612.0,77289.0,76101.0,63481.0,74037.0,89462.0,77410.0,92240.0,52.0,62.0,52.0,35.0,67.0,56.0,56.0,89.0,26.0,27.0,26.0,33.0,65.0,69.0,61.0,65.0,21.0,23.0,40.0,17.0,7.0,8.0,7.0,7.0,4.0,6.0,5.0,5.0,4.0,6.0,4.0,3.0,2.0,2.0,2.0,2.0,8.0,8.0,11.0,7.0,2.88,2.85,2.87,3.06,2.59,2.41,2.68,2.99,862.0,6.000000000000384,849.8333333333334,14.891832213215782,14.666666666666666,2.0816659994661304,16.5,5.319774431308194,8.0,0.0,9.333333333333334,3.2659863237109037,4.666666666666667,0.5773502691896242,5.5,2.258317958127243,3882048.696666667,277311.298728153,3801525.53,209911.94086068647,3321351.723333333,259001.37912472463,3271951.905,177785.82787740047,1153331.3,90371.67349401786,1135059.8183333331,65646.03935014502,29.7,0.23515952032602228,29.855,0.258978763608186,525.5666666666667,12.755521680172404,536.9666666666666,22.423618500738247,73.66666666666667,3.4933269720042937,70.15,7.080889774597537,73028.0,4581.004365856903,75857.5,5928.040477257133,82141.33333333333,7742.30303807164,84777.66666666667,7997.453336323217,53.333333333333336,8.082903768654761,53.833333333333336,6.705718952257611,67.33333333333333,11.503622617824933,62.5,12.880217389469797,28.0,2.6457513110645614,26.833333333333332,3.0605010483034656,67.66666666666667,2.3094010767585,66.16666666666667,4.119061381755027,23.333333333333332,2.516611478423598,26.333333333333332,7.146094504459529,7.666666666666667,0.5773502691896258,7.333333333333333,0.5163977794943221,5.0,1.0,5.0,0.6324555320336759,4.333333333333333,1.5275252316519465,4.5,1.0488088481701516,2.0,0.0,2.0,0.0,8.0,0.0,9.166666666666666,1.471960144387975,2.89,0.0458257569495551,2.9133333333333336,0.053541261347363034,2.56,0.13747727084866865,2.595,0.13065221008463607,1.625,6.797940797940798,0.8222249020198975,0.5822784810126582,1.5,5,0.625,0,-13.0,123.28,0,-0.4999999999999997,-0.8660254037844388,23
